Date,Open,High,Low,Close,Adj Close,Volume,total_chg,pos_chg,neg_chg,abs_neg_chg,ema_pos,ema_neg,smoothing_dactor,RS,
03/01/2022,0.312121,0.318868,0.298558,0.3065,0.3065,96846219,0,0,0,0,,,14,,
04/01/2022,0.306505,0.336852,0.30384,0.325898,0.325898,252170782,0.019398,0.019398,0,0,,,0.133333333,,
05/01/2022,0.325748,0.339621,0.272767,0.288261,0.288261,229076508,-0.037637,0,-0.037637,0.037637,,,,,
06/01/2022,0.28816,0.298847,0.272523,0.294404,0.294404,166279993,0.006143,0.006143,0,0,,,,,
07/01/2022,0.29427,0.298802,0.267786,0.272412,0.272412,188832915,-0.021992,0,-0.021992,0.021992,,,,,
08/01/2022,0.272565,0.27758,0.254484,0.2655,0.2655,122143875,-0.006912,0,-0.006912,0.006912,,,,,
09/01/2022,0.265373,0.276216,0.263358,0.272505,0.272505,77015275,0.007005,0.007005,0,0,,,,,
10/01/2022,0.272333,0.275003,0.25081,0.26099,0.26099,103366887,-0.011515,0,-0.011515,0.011515,,,,,
11/01/2022,0.260947,0.274852,0.257707,0.274771,0.274771,96392259,0.013781,0.013781,0,0,,,,,
12/01/2022,0.275079,0.297981,0.273518,0.295694,0.295694,114994147,0.020923,0.020923,0,0,,,,,
13/01/2022,0.295711,0.296724,0.277215,0.277637,0.277637,107201065,-0.018057,0,-0.018057,0.018057,,,,,
14/01/2022,0.2777,0.285122,0.274626,0.281215,0.281215,78936017,0.003578,0.003578,0,0,,,,,
15/01/2022,0.281262,0.284245,0.278062,0.280237,0.280237,56346126,-0.000978,0,-0.000978,0.000978,,,,,
16/01/2022,0.280281,0.282228,0.275269,0.27933,0.27933,57174918,-0.000907,0,-0.000907,0.000907,0.005059143,0.097998,,0.05162496,4.909065706
17/01/2022,0.27935,0.283307,0.266402,0.270215,0.270215,84091906,-0.009115,0,-0.009115,0.009115,0.00438459,0.086146933,,0.050896652,4.843164338
18/01/2022,0.270202,0.271908,0.25547,0.26624,0.26624,75225967,-0.003975,0,-0.003975,0.003975,0.003799978,0.075190676,,0.050537894,4.810668379
19/01/2022,0.266235,0.272006,0.253391,0.267214,0.267214,84296029,0.000974,0.000974,0,0,0.003423181,0.065165252,,0.052530776,4.990901701
20/01/2022,0.267227,0.281695,0.259836,0.259955,0.259955,105886922,-0.007259,0,-0.007259,0.007259,0.002966757,0.057444419,,0.051645698,4.910940877
21/01/2022,0.260192,0.267798,0.231414,0.234354,0.234354,162491561,-0.025601,0,-0.025601,0.025601,0.00257119,0.053198629,,0.048331875,4.610360145
22/01/2022,0.23467,0.239063,0.20458,0.220937,0.220937,148975709,-0.013417,0,-0.013417,0.013417,0.002228364,0.047894412,,0.046526602,4.445811659
23/01/2022,0.221293,0.233238,0.214253,0.222223,0.222223,99935594,0.001286,0.001286,0,0,0.002102716,0.041508491,,0.050657483,4.821503129
24/01/2022,0.222283,0.222455,0.187414,0.206753,0.206753,148407675,-0.01547,0,-0.01547,0.01547,0.001822354,0.038036692,,0.047910412,4.571995051
25/01/2022,0.206722,0.216419,0.198176,0.211686,0.211686,88407832,0.004933,0.004933,0,0,0.002237106,0.032965133,,0.067862807,6.355011729
26/01/2022,0.21169,0.222566,0.206234,0.21232,0.21232,97959421,0.000634,0.000634,0,0,0.002023359,0.028569782,,0.070821644,6.613766561
27/01/2022,0.212298,0.216229,0.201289,0.208143,0.208143,76522478,-0.004177,0,-0.004177,0.004177,0.001753578,0.025317411,,0.069263707,6.477701082
28/01/2022,0.208098,0.217822,0.205341,0.216193,0.216193,50592426,0.00805,0.00805,0,0,0.002593101,0.021941756,,0.118181092,10.56904759
29/01/2022,0.216134,0.224632,0.215214,0.221884,0.221884,52816215,0.005691,0.005691,0,0,0.003006154,0.019016189,,0.158083935,13.65047303
30/01/2022,0.22203,0.227311,0.215152,0.218398,0.218398,44964632,-0.003486,0,-0.003486,0.003486,0.002605333,0.016945497,,0.153747833,13.32594769
31/01/2022,0.21846,0.222918,0.208811,0.221887,0.221887,54121809,0.003489,0.003489,0,0,0.002723156,0.014686097,,0.185424049,15.64200165
01/02/2022,0.221876,0.233827,0.221394,0.229315,0.229315,61342663,0.007428,0.007428,0,0,0.003350468,0.012727951,,0.263237046,20.8382937
02/02/2022,0.229303,0.233883,0.220719,0.22135,0.22135,51502562,-0.007965,0,-0.007965,0.007965,0.002903739,0.012092891,,0.240119518,19.36261096
03/02/2022,0.221148,0.24602,0.215663,0.236876,0.236876,168730764,0.015526,0.015526,0,0,0.004586707,0.010480505,,0.437641799,30.44164405
04/02/2022,0.236844,0.248447,0.235951,0.248163,0.248163,114956380,0.011287,0.011287,0,0,0.00548008,0.009083105,,0.603326704,37.62967975
05/02/2022,0.24821,0.262426,0.247815,0.258825,0.258825,84933219,0.010662,0.010662,0,0,0.006171002,0.007872024,,0.783915584,43.94353583
06/02/2022,0.258723,0.260937,0.250869,0.258038,0.258038,61045797,-0.000787,0,-0.000787,0.000787,0.005348202,0.006927354,,0.772041082,43.56789975
07/02/2022,0.258002,0.268926,0.252811,0.261858,0.261858,107669774,0.00382,0.00382,0,0,0.005144442,0.006003707,,0.856877557,46.14615293
08/02/2022,0.261944,0.264498,0.242682,0.254038,0.254038,114383588,-0.00782,0,-0.00782,0.00782,0.004458516,0.006245879,,0.713833221,41.65126526
09/02/2022,0.253897,0.259818,0.248079,0.256891,0.256891,68186790,0.002853,0.002853,0,0,0.004244447,0.005413095,,0.784107245,43.94955781
10/02/2022,0.256895,0.260807,0.243902,0.246996,0.246996,105299945,-0.009895,0,-0.009895,0.009895,0.003678521,0.006010683,,0.611997208,37.9651531
11/02/2022,0.247021,0.253506,0.231173,0.233552,0.233552,92052658,-0.013444,0,-0.013444,0.013444,0.003188052,0.007001792,,0.455319397,31.28656141
12/02/2022,0.233573,0.240346,0.225399,0.23118,0.23118,77301857,-0.002372,0,-0.002372,0.002372,0.002762978,0.006384486,,0.432764356,30.20485218
13/02/2022,0.231154,0.234282,0.222929,0.227536,0.227536,57259903,-0.003644,0,-0.003644,0.003644,0.002394581,0.006019088,,0.397831194,28.46060351
14/02/2022,0.227343,0.243205,0.222307,0.241929,0.241929,101336079,0.014393,0.014393,0,0,0.00399437,0.005216543,,0.765712125,43.3656265
15/02/2022,0.242005,0.264465,0.241557,0.259049,0.259049,192261764,0.01712,0.01712,0,0,0.005744454,0.004521004,,1.270614739,55.9590633
16/02/2022,0.259167,0.266291,0.24873,0.261752,0.261752,114603631,0.002703,0.002703,0,0,0.005338927,0.003918203,,1.362595673,57.67367173
17/02/2022,0.261591,0.262235,0.233967,0.234531,0.234531,119656495,-0.027221,0,-0.027221,0.027221,0.00462707,0.007025243,,0.658634878,39.70945545
18/02/2022,0.234654,0.241802,0.227175,0.229626,0.229626,82506957,-0.004905,0,-0.004905,0.004905,0.004010127,0.006742544,,0.594749908,37.29424313
19/02/2022,0.229424,0.234414,0.222829,0.232526,0.232526,55152304,0.0029,0.0029,0,0,0.00386211,0.005843538,,0.660919866,39.79239937
20/02/2022,0.232514,0.235425,0.214933,0.215727,0.215727,85519529,-0.016799,0,-0.016799,0.016799,0.003347162,0.007304266,,0.458247575,31.42453882
21/02/2022,0.215681,0.22479,0.197922,0.200703,0.200703,110430286,-0.015024,0,-0.015024,0.015024,0.002900874,0.008333564,,0.348095241,25.82126471
22/02/2022,0.200749,0.236268,0.195707,0.234847,0.234847,270843375,0.034144,0.034144,0,0,0.007066624,0.007222422,,0.978428555,49.45483386
23/02/2022,0.234867,0.238584,0.218831,0.218936,0.218936,165367274,-0.015911,0,-0.015911,0.015911,0.006124408,0.008380899,,0.73075781,42.22184095
24/02/2022,0.21873,0.222297,0.188194,0.216051,0.216051,200781284,-0.002885,0,-0.002885,0.002885,0.00530782,0.007648113,,0.694003883,40.9682581
25/02/2022,0.21609,0.228105,0.209264,0.224611,0.224611,119616826,0.00856,0.00856,0,0,0.005741444,0.006628364,,0.866193171,46.41497914
26/02/2022,0.224702,0.231614,0.220929,0.223463,0.223463,67431236,-0.001148,0,-0.001148,0.001148,0.004975918,0.005897649,,0.843712128,45.76159777
27/02/2022,0.223464,0.225044,0.207185,0.210067,0.210067,78651340,-0.013396,0,-0.013396,0.013396,0.004312462,0.006897429,,0.625227486,38.47015209
28/02/2022,0.210012,0.230134,0.207894,0.230058,0.230058,96019863,0.019991,0.019991,0,0,0.006402934,0.005977772,,1.071123829,51.71703468
01/03/2022,0.230182,0.234764,0.222761,0.226886,0.226886,124459146,-0.003172,0,-0.003172,0.003172,0.005549209,0.005603669,,0.990281444,49.7558497
02/03/2022,0.226885,0.22798,0.218665,0.223204,0.223204,93172800,-0.003682,0,-0.003682,0.003682,0.004809315,0.005347447,,0.899366617,47.35086998
03/03/2022,0.22323,0.229522,0.215369,0.221291,0.221291,78897123,-0.001913,0,-0.001913,0.001913,0.004168073,0.00488952,,0.852450268,46.01744417
04/03/2022,0.221301,0.221346,0.204295,0.205539,0.205539,72282108,-0.015752,0,-0.015752,0.015752,0.00361233,0.006337851,,0.569961313,36.30416295
05/03/2022,0.205617,0.211764,0.202597,0.210644,0.210644,41330060,0.005105,0.005105,0,0,0.003811353,0.005492804,,0.693881018,40.96397626
06/03/2022,0.210497,0.211777,0.202175,0.202762,0.202762,41817330,-0.007882,0,-0.007882,0.007882,0.003303172,0.005811364,,0.568398818,36.24070684
07/03/2022,0.202749,0.21328,0.19934,0.206794,0.206794,75397491,0.004032,0.004032,0,0,0.003400349,0.005036515,,0.675139289,40.3034717
08/03/2022,0.206782,0.213779,0.202118,0.204938,0.204938,68045226,-0.001856,0,-0.001856,0.001856,0.002946969,0.004612446,,0.638916762,38.98408855
09/03/2022,0.204938,0.215204,0.20461,0.212987,0.212987,72092194,0.008049,0.008049,0,0,0.00362724,0.003997454,,0.907387672,47.57227308
10/03/2022,0.21297,0.220299,0.203047,0.216653,0.216653,115958616,0.003666,0.003666,0,0,0.003632408,0.00346446,,1.048477491,51.18325661
11/03/2022,0.216628,0.216637,0.205665,0.206006,0.206006,67623827,-0.010647,0,-0.010647,0.010647,0.003148087,0.004422132,,0.711893527,41.58515211
12/03/2022,0.206019,0.211923,0.205765,0.20612,0.20612,41780813,0.000114,0.000114,0,0,0.002743542,0.003832514,,0.715859592,41.72017311
13/03/2022,0.206148,0.20921,0.19895,0.199823,0.199823,43081593,-0.006297,0,-0.006297,0.006297,0.002377736,0.004161112,,0.571418475,36.36322749
14/03/2022,0.199884,0.205452,0.199125,0.203569,0.203569,54520734,0.003746,0.003746,0,0,0.002560172,0.003606297,,0.709916945,41.51762735
15/03/2022,0.203622,0.204002,0.196284,0.200336,0.200336,68285329,-0.003233,0,-0.003233,0.003233,0.002218815,0.003556524,,0.623871835,38.41878538
16/03/2022,0.20037,0.205053,0.194993,0.204499,0.204499,105553678,0.004163,0.004163,0,0,0.00247804,0.003082321,,0.803952575,44.56617019
17/03/2022,0.204517,0.208911,0.203569,0.20548,0.20548,65134052,0.000981,0.000981,0,0,0.002278435,0.002671345,,0.852916674,46.03103236
18/03/2022,0.205461,0.208303,0.200116,0.20814,0.20814,65423973,0.00266,0.00266,0,0,0.00232931,0.002315166,,1.006109456,50.15227126
19/03/2022,0.20812,0.213253,0.207263,0.210322,0.210322,63904820,0.002182,0.002182,0,0,0.002309669,0.002006477,,1.151106558,53.5122983
20/03/2022,0.21032,0.212354,0.206502,0.208769,0.208769,67723177,-0.001553,0,-0.001553,0.001553,0.002001713,0.001946013,,1.028622402,50.705464
21/03/2022,0.208794,0.215658,0.206075,0.211513,0.211513,82939751,0.002744,0.002744,0,0,0.002100684,0.001686545,,1.245555063,55.46758054
22/03/2022,0.211473,0.219682,0.210514,0.214442,0.214442,97430189,0.002929,0.002929,0,0,0.002211127,0.001461672,,1.51273763,60.20276896
23/03/2022,0.214468,0.219324,0.21168,0.218585,0.218585,91357074,0.004143,0.004143,0,0,0.00246871,0.001266783,,1.948802986,66.0879345
24/03/2022,0.218516,0.22781,0.218142,0.220345,0.220345,116269990,0.00176,0.00176,0,0,0.002374215,0.001097878,,2.162548607,68.37993264
25/03/2022,0.220379,0.230172,0.217615,0.223265,0.223265,90335203,0.00292,0.00292,0,0,0.002446986,0.000951494,,2.571729473,72.00235887
26/03/2022,0.223251,0.226743,0.2224,0.226543,0.226543,49522533,0.003278,0.003278,0,0,0.002557788,0.000824629,,3.101745889,75.62013769
27/03/2022,0.226624,0.246782,0.226624,0.242677,0.242677,122567235,0.016134,0.016134,0,0,0.00436795,0.000714678,,6.111772475,85.93880775
28/03/2022,0.242712,0.251016,0.23511,0.236134,0.236134,141354198,-0.006543,0,-0.006543,0.006543,0.003785556,0.001491788,,2.537597384,71.73222695
29/03/2022,0.235857,0.264632,0.235794,0.254919,0.254919,210027228,0.018785,0.018785,0,0,0.005785482,0.001292883,,4.47487041,81.73472749
30/03/2022,0.254843,0.258966,0.245936,0.25346,0.25346,134940538,-0.001459,0,-0.001459,0.001459,0.005014085,0.001315032,,3.81290043,79.22250804
31/03/2022,0.253577,0.260763,0.232983,0.23564,0.23564,147882808,-0.01782,0,-0.01782,0.01782,0.00434554,0.003515694,,1.236040432,55.27808953
01/04/2022,0.235814,0.248545,0.231307,0.246053,0.246053,115698484,0.010413,0.010413,0,0,0.005154535,0.003046935,,1.691711479,62.84891573
02/04/2022,0.246162,0.252422,0.243342,0.244917,0.244917,90226194,-0.001136,0,-0.001136,0.001136,0.004467263,0.002792144,,1.599940446,61.53758054
03/04/2022,0.244873,0.250125,0.241439,0.248534,0.248534,69574134,0.003617,0.003617,0,0,0.004353895,0.002419858,,1.799235908,64.27596555
04/04/2022,0.24842,0.24842,0.230208,0.238464,0.238464,78817248,-0.01007,0,-0.01007,0.01007,0.003773376,0.003439877,,1.096950831,52.31170969
05/04/2022,0.238527,0.240042,0.22676,0.226944,0.226944,58285545,-0.01152,0,-0.01152,0.01152,0.003270259,0.004517226,,0.723952824,41.99377232
06/04/2022,0.226973,0.227154,0.209296,0.210583,0.210583,85096102,-0.016361,0,-0.016361,0.016361,0.002834224,0.006096396,,0.464901594,31.73602896
07/04/2022,0.210663,0.228167,0.207422,0.223169,0.223169,125383596,0.012586,0.012586,0,0,0.004134461,0.005283543,,0.782516723,43.89954456
08/04/2022,0.223183,0.224228,0.207346,0.208261,0.208261,64152095,-0.014908,0,-0.014908,0.014908,0.0035832,0.006566804,,0.545653479,35.30244563
09/04/2022,0.208275,0.214005,0.208025,0.213954,0.213954,39168264,0.005693,0.005693,0,0,0.003864506,0.00569123,,0.67902827,40.44174134
10/04/2022,0.213913,0.218681,0.209076,0.209382,0.209382,41535536,-0.004572,0,-0.004572,0.004572,0.003349239,0.005542,,0.604337607,37.66897966
11/04/2022,0.209138,0.209138,0.192721,0.194819,0.194819,78737450,-0.014563,0,-0.014563,0.014563,0.002902674,0.0067448,,0.430357278,30.08739736
12/04/2022,0.194852,0.203425,0.193022,0.198641,0.198641,61933035,0.003822,0.003822,0,0,0.00302525,0.005845493,,0.517535552,34.1036855
13/04/2022,0.198588,0.203878,0.196289,0.203318,0.203318,58536956,0.004677,0.004677,0,0,0.003245484,0.005066094,,0.640628412,39.04774579
14/04/2022,0.203291,0.205222,0.192933,0.19605,0.19605,51312943,-0.007268,0,-0.007268,0.007268,0.002812753,0.005359681,,0.524798461,34.41756236
15/04/2022,0.196069,0.201106,0.195178,0.200025,0.200025,43061066,0.003975,0.003975,0,0,0.002967719,0.004645057,,0.638898238,38.98339893
16/04/2022,0.199996,0.203809,0.197093,0.198267,0.198267,49333221,-0.001758,0,-0.001758,0.001758,0.002572023,0.004260116,,0.603744797,37.64593958
17/04/2022,0.198266,0.199831,0.191744,0.192598,0.192598,35600005,-0.005669,0,-0.005669,0.005669,0.002229087,0.004447967,,0.501147247,33.38428311
18/04/2022,0.192667,0.1949,0.182614,0.194795,0.194795,67320942,0.002197,0.002197,0,0,0.002224808,0.003854905,,0.577137011,36.59396787
19/04/2022,0.194807,0.200174,0.19306,0.199493,0.199493,50020193,0.004698,0.004698,0,0,0.002554567,0.003340918,,0.7646304,43.33090942
20/04/2022,0.199485,0.203631,0.19331,0.196228,0.196228,60943649,-0.003265,0,-0.003265,0.003265,0.002213958,0.003330795,,0.664693581,39.92888472
21/04/2022,0.196215,0.202344,0.187178,0.190962,0.190962,65197780,-0.005266,0,-0.005266,0.005266,0.001918764,0.003588823,,0.534649954,34.83856058
22/04/2022,0.190924,0.194497,0.187404,0.189771,0.189771,44567545,-0.001191,0,-0.001191,0.001191,0.001662929,0.003269113,,0.508678869,33.71684188
23/04/2022,0.189765,0.19058,0.187169,0.187487,0.187487,27812076,-0.002284,0,-0.002284,0.002284,0.001441205,0.003137765,,0.459309432,31.47443728
24/04/2022,0.187406,0.189413,0.184813,0.185615,0.185615,29838705,-0.001872,0,-0.001872,0.001872,0.001249044,0.002968996,,0.420695828,29.61195633
25/04/2022,0.185691,0.186045,0.172595,0.181847,0.181847,75855892,-0.003768,0,-0.003768,0.003768,0.001082505,0.00307553,,0.351973496,26.03405297
26/04/2022,0.181844,0.183073,0.165932,0.167501,0.167501,57501593,-0.014346,0,-0.014346,0.014346,0.000938171,0.004578259,,0.204918716,17.00684975
27/04/2022,0.167537,0.174147,0.165034,0.169362,0.169362,49757456,0.001861,0.001861,0,0,0.001061215,0.003967825,,0.267455081,21.10174043
28/04/2022,0.169381,0.173412,0.166883,0.169882,0.169882,46297860,0.00052,0.00052,0,0,0.000989053,0.003438781,,0.287617263,22.33717044
29/04/2022,0.169906,0.171365,0.157156,0.159183,0.159183,55048057,-0.010699,0,-0.010699,0.010699,0.000857179,0.004406811,,0.194512372,16.28383065
30/04/2022,0.159132,0.16233,0.132597,0.141268,0.141268,97637667,-0.017915,0,-0.017915,0.017915,0.000742889,0.006207902,,0.119668216,10.68782824
01/05/2022,0.14127,0.150729,0.138349,0.146309,0.146309,69073580,0.005041,0.005041,0,0,0.00131597,0.005380182,,0.244595833,19.65263153
02/05/2022,0.146112,0.148086,0.133773,0.139919,0.139919,76664001,-0.00639,0,-0.00639,0.00639,0.001140507,0.005514825,,0.206807568,17.1367477
03/05/2022,0.139986,0.14633,0.137892,0.139083,0.139083,55670645,-0.000836,0,-0.000836,0.000836,0.00098844,0.004890981,,0.202094373,16.81185582
04/05/2022,0.139139,0.151267,0.13808,0.151267,0.151267,64506343,0.012184,0.012184,0,0,0.002481181,0.00423885,,0.585342937,36.92216514
05/05/2022,0.151214,0.154956,0.13466,0.13598,0.13598,78492892,-0.015287,0,-0.015287,0.015287,0.002150357,0.005711937,,0.37646721,27.35024906
06/05/2022,0.135984,0.136721,0.129371,0.134034,0.134034,54169032,-0.001946,0,-0.001946,0.001946,0.001863643,0.005209812,,0.357717841,26.3469942
07/05/2022,0.134049,0.135744,0.126874,0.130431,0.130431,38952994,-0.003603,0,-0.003603,0.003603,0.001615157,0.00499557,,0.323317835,24.43236437
08/05/2022,0.130418,0.13091,0.125342,0.127649,0.127649,44987071,-0.002782,0,-0.002782,0.002782,0.001399803,0.004700428,,0.297803272,22.94671914
09/05/2022,0.127697,0.131871,0.107251,0.107251,0.107251,88124900,-0.020398,0,-0.020398,0.020398,0.001213162,0.006793437,,0.178578579,15.15202992
10/05/2022,0.107184,0.121622,0.103829,0.11507,0.11507,106363272,0.007819,0.007819,0,0,0.002093941,0.005887646,,0.355649921,26.23464331
11/05/2022,0.114982,0.11948,0.085135,0.090613,0.090613,162464851,-0.024457,0,-0.024457,0.024457,0.001814749,0.00836356,,0.216982807,17.82957043
12/05/2022,0.090687,0.096252,0.075034,0.086879,0.086879,248789108,-0.003734,0,-0.003734,0.003734,0.001572782,0.007746285,,0.203036959,16.87703423
13/05/2022,0.086825,0.106563,0.086094,0.096372,0.096372,244936174,0.009493,0.009493,0,0,0.002628811,0.006713447,,0.391573985,28.13892682
14/05/2022,0.096352,0.104496,0.092512,0.101803,0.101803,69903798,0.005431,0.005431,0,0,0.003002436,0.005818321,,0.51603143,34.03830686
15/05/2022,0.101848,0.107784,0.097542,0.107781,0.107781,32597095,0.005978,0.005978,0,0,0.003399178,0.005042545,,0.674099771,40.26640365
16/05/2022,0.107761,0.107776,0.098439,0.102384,0.102384,41544293,-0.005397,0,-0.005397,0.005397,0.002945954,0.005089805,,0.578795106,36.66055867
17/05/2022,0.102406,0.109321,0.100334,0.108624,0.108624,36091654,0.00624,0.00624,0,0,0.003385161,0.004411165,,0.767407427,43.41995033
18/05/2022,0.108775,0.109944,0.098971,0.099739,0.099739,40853706,-0.008885,0,-0.008885,0.008885,0.002933806,0.005007676,,0.585861737,36.94280046
19/05/2022,0.099632,0.106416,0.096643,0.104026,0.104026,40487498,0.004287,0.004287,0,0,0.003114232,0.004339986,,0.717567234,41.77811617
20/05/2022,0.103996,0.105399,0.098348,0.099936,0.099936,32337839,-0.00409,0,-0.00409,0.00409,0.002699001,0.004306654,,0.626704748,38.52602929
21/05/2022,0.099887,0.102965,0.098908,0.101357,0.101357,18378439,0.001421,0.001421,0,0,0.002528601,0.003732434,,0.677466978,40.38630786
22/05/2022,0.101348,0.104905,0.099611,0.104482,0.104482,23145824,0.003125,0.003125,0,0,0.002608121,0.003234776,,0.806275485,44.63745933
23/05/2022,0.10447,0.107854,0.098136,0.098464,0.098464,36936683,-0.006018,0,-0.006018,0.006018,0.002260371,0.003605873,,0.626858314,38.53183209
24/05/2022,0.098467,0.100493,0.094055,0.099339,0.099339,45527525,0.000875,0.000875,0,0,0.002075655,0.00312509,,0.664190578,39.91072817
25/05/2022,0.099343,0.100808,0.096031,0.097591,0.097591,31187236,-0.001748,0,-0.001748,0.001748,0.001798901,0.002941478,,0.611563733,37.9484671
26/05/2022,0.0976,0.099165,0.088176,0.091042,0.091042,45970692,-0.006549,0,-0.006549,0.006549,0.001559048,0.003422481,,0.455531452,31.29657221
27/05/2022,0.091003,0.092922,0.086108,0.087124,0.087124,46521861,-0.003918,0,-0.003918,0.003918,0.001351175,0.00348855,,0.387316967,27.91841923
28/05/2022,0.088607,0.090063,0.086841,0.089221,0.089221,24041189,0.002097,0.002097,0,0,0.001450618,0.00302341,,0.479795332,32.42308727
29/05/2022,0.089223,0.090542,0.086851,0.090542,0.090542,17829277,0.001321,0.001321,0,0,0.001433336,0.002620289,,0.547014392,35.35936025
30/05/2022,0.090536,0.098685,0.089768,0.097543,0.097543,29379309,0.007001,0.007001,0,0,0.002175691,0.002270917,,0.958067185,48.92922941
31/05/2022,0.097578,0.098812,0.093242,0.094437,0.094437,36300717,-0.003106,0,-0.003106,0.003106,0.001885599,0.002382261,,0.791516363,44.18136385
01/06/2022,0.094455,0.097507,0.088485,0.089872,0.089872,41307206,-0.004565,0,-0.004565,0.004565,0.001634186,0.002673293,,0.611300568,37.93833254
02/06/2022,0.089853,0.092799,0.087992,0.092377,0.092377,37222437,0.002505,0.002505,0,0,0.001750294,0.002316854,,0.755461575,43.03492517
03/06/2022,0.0924,0.092923,0.087998,0.088729,0.088729,22306779,-0.003648,0,-0.003648,0.003648,0.001516922,0.00249434,,0.608145453,37.81657012
04/06/2022,0.088712,0.090542,0.087607,0.090321,0.090321,15548806,0.001592,0.001592,0,0,0.001526932,0.002161761,,0.706336986,41.39492912
05/06/2022,0.090312,0.095752,0.090258,0.093465,0.093465,49265577,0.003144,0.003144,0,0,0.001742541,0.001873527,,0.93008615,48.1888412
06/06/2022,0.093483,0.098083,0.093483,0.096712,0.096712,35329896,0.003247,0.003247,0,0,0.001943136,0.001623723,,1.19671619,54.47750581
07/06/2022,0.096699,0.096699,0.088954,0.090962,0.090962,34138869,-0.00575,0,-0.00575,0.00575,0.001684051,0.002173893,,0.774670443,43.65150985
08/06/2022,0.090934,0.091904,0.087483,0.0881,0.0881,30782118,-0.002862,0,-0.002862,0.002862,0.001459511,0.002265641,,0.644193346,39.17990226
09/06/2022,0.088118,0.089372,0.086448,0.086705,0.086705,20672394,-0.001395,0,-0.001395,0.001395,0.001264909,0.002149555,,0.588451604,37.04561111
10/06/2022,0.086731,0.087058,0.08061,0.081161,0.081161,27728549,-0.005544,0,-0.005544,0.005544,0.001096255,0.002602148,,0.421288389,29.6413024
11/06/2022,0.081164,0.082941,0.075266,0.077841,0.077841,27168158,-0.00332,0,-0.00332,0.00332,0.000950087,0.002697862,,0.352163151,26.04442746
12/06/2022,0.077888,0.078649,0.069879,0.069879,0.069879,41108907,-0.007962,0,-0.007962,0.007962,0.000823409,0.003399747,,0.242197194,19.49748361
13/06/2022,0.069802,0.070738,0.060995,0.0656,0.0656,73726202,-0.004279,0,-0.004279,0.004279,0.000713621,0.00351698,,0.202907362,16.86807885
14/06/2022,0.065636,0.068214,0.060976,0.067406,0.067406,58125638,0.001806,0.001806,0,0,0.000859272,0.00304805,,0.281908697,21.99132418
15/06/2022,0.067407,0.071798,0.060279,0.071798,0.071798,59594792,0.004392,0.004392,0,0,0.001330302,0.002641643,,0.503588906,33.49245954
16/06/2022,0.071835,0.072646,0.064403,0.06511,0.06511,31614413,-0.006688,0,-0.006688,0.006688,0.001152929,0.003181157,,0.362424242,26.60142344
17/06/2022,0.065128,0.069565,0.064953,0.068219,0.068219,31610776,0.003109,0.003109,0,0,0.001413738,0.002757003,,0.512780742,33.8965673
18/06/2022,0.06822,0.069186,0.058665,0.06228,0.06228,47707072,-0.005939,0,-0.005939,0.005939,0.00122524,0.003181269,,0.385141761,27.80522337
19/06/2022,0.062262,0.06774,0.060225,0.066471,0.066471,35564118,0.004191,0.004191,0,0,0.001620674,0.0027571,,0.58781848,37.02050881
20/06/2022,0.066466,0.073763,0.065469,0.070846,0.070846,63122133,0.004375,0.004375,0,0,0.001987918,0.002389487,,0.831943432,45.41316165
21/06/2022,0.070842,0.079093,0.069981,0.07337,0.07337,73693445,0.002524,0.002524,0,0,0.002059395,0.002070889,,0.994450169,49.86086815
22/06/2022,0.073444,0.07654,0.070147,0.070162,0.070162,69268390,-0.003208,0,-0.003208,0.003208,0.001784809,0.002222503,,0.803062614,44.53880902
23/06/2022,0.070159,0.07353,0.069976,0.073241,0.073241,31206582,0.003079,0.003079,0,0,0.001957368,0.00192617,,1.016197188,50.40167668
24/06/2022,0.07324,0.075905,0.072741,0.073917,0.073917,35951443,0.000676,0.000676,0,0,0.001786519,0.001669347,,1.070190357,51.69526335
25/06/2022,0.074013,0.075305,0.070823,0.074306,0.074306,28180818,0.000389,0.000389,0,0,0.001600183,0.001446767,,1.106040396,52.51752995
26/06/2022,0.074267,0.07553,0.068754,0.068768,0.068768,28900953,-0.005538,0,-0.005538,0.005538,0.001386825,0.001992265,,0.696104868,41.04138142
27/06/2022,0.068762,0.072032,0.068703,0.070072,0.070072,31230498,0.001304,0.001304,0,0,0.001375782,0.00172663,,0.796802004,44.34556518
28/06/2022,0.070025,0.070665,0.06532,0.065893,0.065893,27908243,-0.004179,0,-0.004179,0.004179,0.001192344,0.002053612,,0.5806083,36.73321846
29/06/2022,0.065854,0.066671,0.064242,0.064546,0.064546,24693198,-0.001347,0,-0.001347,0.001347,0.001033365,0.001959397,,0.52738926,34.52880504
30/06/2022,0.064558,0.064785,0.06007,0.063238,0.063238,29108614,-0.001308,0,-0.001308,0.001308,0.000895583,0.001872544,,0.478270699,32.353391
01/07/2022,0.063331,0.064679,0.060962,0.061546,0.061546,25096176,-0.001692,0,-0.001692,0.001692,0.000776172,0.001848472,,0.41989931,29.57247089
02/07/2022,0.061542,0.063785,0.061012,0.063399,0.063399,16904743,0.001853,0.001853,0,0,0.000919749,0.001602009,,0.574122337,36.47253605
03/07/2022,0.06339,0.063586,0.061082,0.062386,0.062386,15365774,-0.001013,0,-0.001013,0.001013,0.000797116,0.001523474,,0.523222374,34.34970383
04/07/2022,0.062413,0.06384,0.060546,0.063713,0.063713,18569394,0.001327,0.001327,0,0,0.000867767,0.001320344,,0.657227806,39.65826566
05/07/2022,0.063703,0.06473,0.060327,0.061707,0.061707,35890766,-0.002006,0,-0.002006,0.002006,0.000752065,0.001411765,,0.532712393,34.75618747
06/07/2022,0.061722,0.062795,0.060877,0.062558,0.062558,21948338,0.000851,0.000851,0,0,0.000765256,0.00122353,,0.625449538,38.47855768
07/07/2022,0.062554,0.065338,0.06195,0.064854,0.064854,19477263,0.002296,0.002296,0,0,0.000969355,0.001060393,,0.914147657,47.75742631
08/07/2022,0.06484,0.066436,0.063134,0.064253,0.064253,21676428,-0.000601,0,-0.000601,0.000601,0.000840108,0.00099914,,0.840830921,45.67670562
09/07/2022,0.064243,0.069646,0.064194,0.069168,0.069168,30584839,0.004915,0.004915,0,0,0.001383427,0.000865922,,1.597635462,61.50345132
10/07/2022,0.069121,0.069121,0.063664,0.065035,0.065035,27292920,-0.004133,0,-0.004133,0.004133,0.00119897,0.001301532,,0.921199029,47.94917211
11/07/2022,0.064985,0.06538,0.060178,0.060793,0.060793,22236998,-0.004242,0,-0.004242,0.004242,0.001039107,0.001693594,,0.613551474,38.02490864
12/07/2022,0.060799,0.06188,0.059522,0.059587,0.059587,17991393,-0.001206,0,-0.001206,0.001206,0.00090056,0.001628582,,0.552971724,35.60732727
13/07/2022,0.059561,0.063225,0.058034,0.063169,0.063169,23424119,0.003582,0.003582,0,0,0.001258085,0.001411438,,0.891350137,47.12771684
14/07/2022,0.063168,0.064214,0.060994,0.064015,0.064015,18253871,0.000846,0.000846,0,0,0.00120314,0.001223246,,0.983563813,49.5856905
15/07/2022,0.06401,0.066324,0.063163,0.065234,0.065234,24487891,0.001219,0.001219,0,0,0.001205255,0.001060146,,1.136875968,53.20271204
16/07/2022,0.065202,0.067293,0.063789,0.066432,0.066432,16514664,0.001198,0.001198,0,0,0.001204288,0.000918794,,1.310727133,56.72357909
17/07/2022,0.066441,0.0671,0.064345,0.064921,0.064921,16887313,-0.001511,0,-0.001511,0.001511,0.001043716,0.000997754,,1.046064989,51.12569712
18/07/2022,0.064885,0.071511,0.064855,0.070885,0.070885,39999059,0.005964,0.005964,0,0,0.001699754,0.000864721,,1.965668484,66.28078946
19/07/2022,0.070791,0.074608,0.069512,0.073504,0.073504,50259782,0.002619,0.002619,0,0,0.00182232,0.000749424,,2.431626066,70.85929584
20/07/2022,0.073489,0.077152,0.069981,0.070539,0.070539,49719052,-0.002965,0,-0.002965,0.002965,0.001579344,0.001044835,,1.511573345,60.18432024
21/07/2022,0.070508,0.071771,0.068071,0.07133,0.07133,25545299,0.000791,0.000791,0,0,0.001474231,0.000905523,,1.628043758,61.9488832
22/07/2022,0.071314,0.075241,0.069169,0.069725,0.069725,29588564,-0.001605,0,-0.001605,0.001605,0.001277667,0.000998787,,1.279219204,56.12532581
23/07/2022,0.069685,0.071526,0.066998,0.06872,0.06872,22255036,-0.001005,0,-0.001005,0.001005,0.001107312,0.000999615,,1.107737851,52.55576972
24/07/2022,0.068704,0.073944,0.068024,0.07227,0.07227,52993495,0.00355,0.00355,0,0,0.001433003,0.000866333,,1.654101918,62.32247175
25/07/2022,0.072276,0.07237,0.065497,0.065497,0.065497,36929122,-0.006773,0,-0.006773,0.006773,0.001241936,0.001653889,,0.750918872,42.88713108
26/07/2022,0.0655,0.065777,0.063515,0.065688,0.065688,22115579,0.000191,0.000191,0,0,0.001101811,0.00143337,,0.768685856,43.46084711
27/07/2022,0.06569,0.07046,0.064527,0.070447,0.070447,29381493,0.004759,0.004759,0,0,0.001589437,0.001242254,,1.2794777,56.13030125
28/07/2022,0.070479,0.072756,0.068261,0.072328,0.072328,36292374,0.001881,0.001881,0,0,0.001628312,0.00107662,,1.5124289,60.19787863
29/07/2022,0.072329,0.073888,0.069587,0.071832,0.071832,34076922,-0.000496,0,-0.000496,0.000496,0.001411203,0.000999204,,1.412327284,58.54625503
30/07/2022,0.071767,0.078148,0.07085,0.072788,0.072788,39156275,0.000956,0.000956,0,0,0.00135051,0.000865977,,1.55952133,60.93019471
31/07/2022,0.072782,0.080729,0.072622,0.075956,0.075956,75057754,0.003168,0.003168,0,0,0.001592842,0.000750513,,2.122336029,67.97269766
01/08/2022,0.075949,0.078158,0.074829,0.076922,0.076922,39235773,0.000966,0.000966,0,0,0.001509263,0.000650445,,2.320354312,69.8827322
02/08/2022,0.076899,0.077836,0.072671,0.072886,0.072886,58394690,-0.004036,0,-0.004036,0.004036,0.001308028,0.001101852,,1.187117149,54.27771208
03/08/2022,0.072906,0.073891,0.070321,0.070851,0.070851,41643240,-0.002035,0,-0.002035,0.002035,0.001133624,0.001226272,,0.924447489,48.03703371
04/08/2022,0.070839,0.073055,0.070738,0.072136,0.072136,33209992,0.001285,0.001285,0,0,0.001153808,0.001062769,,1.085661563,52.05358254
05/08/2022,0.072103,0.075912,0.0718,0.075912,0.075912,29333057,0.003776,0.003776,0,0,0.001503433,0.000921067,,1.632274265,62.01003773
06/08/2022,0.07591,0.078862,0.075485,0.076886,0.076886,31314328,0.000974,0.000974,0,0,0.001432842,0.000798258,,1.794961919,64.22133722
07/08/2022,0.0769,0.07847,0.076121,0.076927,0.076927,24539569,4.1E-05,4.1E-05,0,0,0.001247263,0.000691823,,1.802863744,64.32220431
08/08/2022,0.076917,0.080214,0.07691,0.080075,0.080075,30089275,0.003148,0.003148,0,0,0.001500695,0.00059958,,2.502909098,71.45229944
09/08/2022,0.08008,0.081327,0.073417,0.074569,0.074569,48884479,-0.005506,0,-0.005506,0.005506,0.001300602,0.00125377,,1.037353436,50.91671469
10/08/2022,0.074567,0.078731,0.072796,0.078567,0.078567,34049570,0.003998,0.003998,0,0,0.001660255,0.0010866,,1.527935573,60.44202982
11/08/2022,0.078562,0.083392,0.078562,0.080932,0.080932,53192582,0.002365,0.002365,0,0,0.001754221,0.00094172,,1.862783791,65.06896527
12/08/2022,0.080919,0.083051,0.079496,0.082877,0.082877,40292876,0.001945,0.001945,0,0,0.001779658,0.000816158,,2.180532913,68.55872813
13/08/2022,0.082877,0.083866,0.081061,0.081149,0.081149,29216459,-0.001728,0,-0.001728,0.001728,0.001542371,0.000937737,,1.644780303,62.18967606
14/08/2022,0.081171,0.082435,0.078193,0.078958,0.078958,30409765,-0.002191,0,-0.002191,0.002191,0.001336721,0.001104838,,1.209879424,54.74866234
15/08/2022,0.078974,0.080828,0.076895,0.077842,0.077842,30327783,-0.001116,0,-0.001116,0.001116,0.001158492,0.001106327,,1.047151646,51.15164029
16/08/2022,0.077856,0.078324,0.07609,0.076931,0.076931,27531373,-0.000911,0,-0.000911,0.000911,0.001004026,0.001080283,,0.929410258,48.17069123
17/08/2022,0.07694,0.078936,0.073159,0.073466,0.073466,30207017,-0.003465,0,-0.003465,0.003465,0.000870156,0.001398245,,0.622319971,38.35987858
18/08/2022,0.073507,0.074588,0.070672,0.070693,0.070693,26732782,-0.002773,0,-0.002773,0.002773,0.000754135,0.001581546,,0.476834192,32.28759155
19/08/2022,0.070699,0.070766,0.064196,0.065346,0.065346,37179950,-0.005347,0,-0.005347,0.005347,0.000653584,0.002083606,,0.313679105,23.87790929
20/08/2022,0.06531,0.068191,0.065275,0.067698,0.067698,23180972,0.002352,0.002352,0,0,0.000880039,0.001805792,,0.487342493,32.76599003
21/08/2022,0.067687,0.07011,0.06705,0.069247,0.069247,16800829,0.001549,0.001549,0,0,0.000969234,0.00156502,,0.619310992,38.24533983
22/08/2022,0.0693,0.070245,0.064181,0.066411,0.066411,25730339,-0.002836,0,-0.002836,0.002836,0.000840003,0.001734484,,0.484295543,32.62797259
23/08/2022,0.066409,0.067349,0.064392,0.067078,0.067078,16203211,0.000667,0.000667,0,0,0.000816936,0.001503219,,0.543457453,35.21039419
24/08/2022,0.067073,0.06922,0.065298,0.067501,0.067501,31954195,0.000423,0.000423,0,0,0.000764411,0.00130279,,0.586749152,36.97806623
25/08/2022,0.067494,0.069712,0.067359,0.069618,0.069618,31716167,0.002117,0.002117,0,0,0.000944756,0.001129085,,0.836745134,45.55586502
26/08/2022,0.069682,0.069682,0.062055,0.062573,0.062573,47540562,-0.007045,0,-0.007045,0.007045,0.000818789,0.001917874,,0.426925303,29.91924681
27/08/2022,0.062577,0.063662,0.062014,0.062931,0.062931,20313872,0.000358,0.000358,0,0,0.00075735,0.001662157,,0.455643007,31.30183739
28/08/2022,0.062927,0.065141,0.062502,0.062524,0.062524,20779765,-0.000407,0,-0.000407,0.000407,0.00065637,0.001494803,,0.439101542,30.51220011
29/08/2022,0.062516,0.066039,0.062235,0.065902,0.065902,22453378,0.003378,0.003378,0,0,0.001019254,0.001295496,,0.786767682,44.03301503
30/08/2022,0.065906,0.06629,0.062565,0.063442,0.063442,21544439,-0.00246,0,-0.00246,0.00246,0.000883354,0.001450763,,0.608889003,37.84530829
31/08/2022,0.063446,0.066897,0.062992,0.063104,0.063104,31993238,-0.000338,0,-0.000338,0.000338,0.000765573,0.001302395,,0.58781966,37.02055562
01/09/2022,0.063108,0.063469,0.0614,0.063405,0.063405,26116262,0.000301,0.000301,0,0,0.00070363,0.001128742,,0.623375469,38.3999562
02/09/2022,0.063401,0.063539,0.06113,0.061858,0.061858,28969814,-0.001547,0,-0.001547,0.001547,0.000609813,0.00118451,,0.514822893,33.98568209
03/09/2022,0.061858,0.062088,0.060773,0.06102,0.06102,20426203,-0.000838,0,-0.000838,0.000838,0.000528504,0.001138308,,0.464289243,31.70748166
04/09/2022,0.061009,0.061555,0.06057,0.061555,0.061555,20783310,0.000535,0.000535,0,0,0.00052937,0.000986534,,0.536596266,34.92109659
05/09/2022,0.06155,0.062803,0.060512,0.062167,0.062167,37023219,0.000612,0.000612,0,0,0.000540388,0.000854996,,0.632035299,38.72681549
06/09/2022,0.062198,0.063514,0.058197,0.058523,0.058523,46165269,-0.003644,0,-0.003644,0.003644,0.000468336,0.001226863,,0.38173448,27.62719506
07/09/2022,0.05849,0.061101,0.057973,0.060708,0.060708,28088611,0.002185,0.002185,0,0,0.000697225,0.001063282,,0.655729025,39.60364377
08/09/2022,0.060684,0.061353,0.059436,0.06118,0.06118,27572724,0.000472,0.000472,0,0,0.000667195,0.000921511,,0.724022684,41.99612282
09/09/2022,0.061158,0.064237,0.061071,0.063741,0.063741,32918557,0.002561,0.002561,0,0,0.000919702,0.000798643,,1.151581501,53.52256005
10/09/2022,0.063731,0.064502,0.063178,0.063859,0.063859,26623745,0.000118,0.000118,0,0,0.000812808,0.000692157,,1.174312378,54.00844838
11/09/2022,0.063841,0.064855,0.062747,0.064036,0.064036,25680963,0.000177,0.000177,0,0,0.000728034,0.000599869,,1.213654282,54.82582767
12/09/2022,0.064033,0.073931,0.063129,0.073497,0.073497,169377013,0.009461,0.009461,0,0,0.001892429,0.000519887,,3.640080284,78.44864875
13/09/2022,0.073489,0.073612,0.064404,0.064984,0.064984,102118937,-0.008513,0,-0.008513,0.008513,0.001640105,0.001585635,,1.034352374,50.84430738
14/09/2022,0.064835,0.065342,0.06272,0.06418,0.06418,49267731,-0.000804,0,-0.000804,0.000804,0.001421425,0.001481417,,0.959503386,48.96666129
15/09/2022,0.064182,0.064182,0.060709,0.061015,0.061015,50549804,-0.003165,0,-0.003165,0.003165,0.001231901,0.001705895,,0.722143839,41.93284108
16/09/2022,0.061029,0.061407,0.060038,0.060639,0.060639,45449670,-0.000376,0,-0.000376,0.000376,0.001067648,0.001528576,,0.698459385,41.12311375
17/09/2022,0.060647,0.062083,0.060647,0.061748,0.061748,36953900,0.001109,0.001109,0,0,0.001073162,0.001324765,,0.810076626,44.75372006
18/09/2022,0.061743,0.061743,0.057025,0.057449,0.057449,41552683,-0.004299,0,-0.004299,0.004299,0.000930073,0.00172133,,0.540322481,35.07852983
19/09/2022,0.05748,0.059326,0.056316,0.059018,0.059018,37947572,0.001569,0.001569,0,0,0.001015264,0.001491819,,0.680553933,40.49581032
20/09/2022,0.059004,0.059211,0.056727,0.057499,0.057499,38442612,-0.001519,0,-0.001519,0.001519,0.000879895,0.001495443,,0.588384046,37.0429335
21/09/2022,0.057524,0.060069,0.055968,0.056752,0.056752,47062293,-0.000747,0,-0.000747,0.000747,0.000762576,0.001395651,,0.546394286,35.33343927
22/09/2022,0.056681,0.060187,0.056553,0.060075,0.060075,36678759,0.003323,0.003323,0,0,0.001103966,0.001209564,,0.912697011,47.717804
23/09/2022,0.060073,0.062236,0.059215,0.061164,0.061164,55912704,0.001089,0.001089,0,0,0.00110197,0.001048289,,1.051208435,51.2482504
24/09/2022,0.061174,0.063469,0.061047,0.061131,0.061131,49982041,-3.3E-05,0,-3.3E-05,3.3E-05,0.000955041,0.000912917,,1.04614191,51.12753446
25/09/2022,0.061167,0.062149,0.058735,0.059052,0.059052,32427985,-0.002079,0,-0.002079,0.002079,0.000827702,0.001068395,,0.774715535,43.65294155
26/09/2022,0.059072,0.060458,0.058252,0.060022,0.060022,49660098,0.00097,0.00097,0,0,0.000846675,0.000925942,,0.914393082,47.7641238
27/09/2022,0.060031,0.061387,0.0579,0.05836,0.05836,47544565,-0.001662,0,-0.001662,0.001662,0.000733785,0.001024083,,0.716528787,41.74289369
28/09/2022,0.058322,0.058596,0.05642,0.058026,0.058026,37634909,-0.000334,0,-0.000334,0.000334,0.000635947,0.000932072,,0.682293866,40.55735326
29/09/2022,0.05802,0.05834,0.056689,0.057867,0.057867,34353639,-0.000159,0,-0.000159,0.000159,0.000551154,0.000828996,,0.664845492,39.93436599
30/09/2022,0.057872,0.058318,0.057052,0.05732,0.05732,36331430,-0.000547,0,-0.000547,0.000547,0.000477667,0.000791396,,0.603574809,37.63932969
01/10/2022,0.057334,0.057852,0.056982,0.057657,0.057657,23367221,0.000337,0.000337,0,0,0.000458911,0.000685877,,0.669087053,40.08700754
02/10/2022,0.057658,0.057932,0.056274,0.056391,0.056391,23702760,-0.001266,0,-0.001266,0.001266,0.000397723,0.000763227,,0.521107554,34.25842916
03/10/2022,0.05639,0.05807,0.055965,0.057875,0.057875,35477205,0.001484,0.001484,0,0,0.00054256,0.000661463,,0.820242415,45.06226248
04/10/2022,0.057852,0.058633,0.057438,0.058446,0.058446,35053820,0.000571,0.000571,0,0,0.000546352,0.000573268,,0.953048245,48.79798784
05/10/2022,0.058425,0.058447,0.056691,0.057941,0.057941,35426679,-0.000505,0,-0.000505,0.000505,0.000473505,0.000564166,,0.839301652,45.63153908
06/10/2022,0.057949,0.058598,0.057793,0.058101,0.058101,38030864,0.00016,0.00016,0,0,0.000431704,0.000488944,,0.88293314,46.89136971
07/10/2022,0.058107,0.060908,0.057815,0.06045,0.06045,54507151,0.002349,0.002349,0,0,0.000687344,0.000423751,,1.622046348,61.86184882
08/10/2022,0.060446,0.060714,0.059314,0.060283,0.060283,28817953,-0.000167,0,-0.000167,0.000167,0.000595698,0.000389518,,1.529322508,60.46372115
09/10/2022,0.060285,0.06112,0.059504,0.060089,0.060089,29435164,-0.000194,0,-0.000194,0.000194,0.000516272,0.000363449,,1.420480491,58.68588886
10/10/2022,0.060079,0.060556,0.058397,0.058397,0.058397,38478018,-0.001692,0,-0.001692,0.001692,0.000447435,0.000540589,,0.827681634,45.28587575
11/10/2022,0.058357,0.062295,0.057367,0.060903,0.060903,92931900,0.002506,0.002506,0,0,0.000721911,0.00046851,,1.540864168,60.64331134
12/10/2022,0.060898,0.06687,0.060746,0.065714,0.065714,182817441,0.004811,0.004811,0,0,0.001267123,0.000406042,,3.120667029,75.73208432
13/10/2022,0.065709,0.066769,0.058749,0.06496,0.06496,149698418,-0.000754,0,-0.000754,0.000754,0.001098173,0.000452437,,2.427241557,70.8220158
14/10/2022,0.064959,0.065503,0.060781,0.061635,0.061635,62350939,-0.003325,0,-0.003325,0.003325,0.00095175,0.000835445,,1.139212987,53.25383653
15/10/2022,0.061624,0.062949,0.060289,0.060404,0.060404,40135901,-0.001231,0,-0.001231,0.001231,0.00082485,0.000888186,,0.92869077,48.15135657
16/10/2022,0.060415,0.061484,0.059754,0.061385,0.061385,34764307,0.000981,0.000981,0,0,0.00084567,0.000769761,,1.098613654,52.34949519
17/10/2022,0.061375,0.062638,0.06042,0.062444,0.062444,38147969,0.001059,0.001059,0,0,0.000874114,0.000667126,,1.310267775,56.7149743
18/10/2022,0.062449,0.064315,0.061075,0.062199,0.062199,50584249,-0.000245,0,-0.000245,0.000245,0.000757565,0.000610843,,1.240197227,55.36107321
19/10/2022,0.062194,0.062557,0.059139,0.059377,0.059377,37502013,-0.002822,0,-0.002822,0.002822,0.000656557,0.000905664,,0.724945368,42.02714946
20/10/2022,0.059374,0.059896,0.057498,0.058524,0.058524,32052587,-0.000853,0,-0.000853,0.000853,0.000569016,0.000898642,,0.633195295,38.77033547
21/10/2022,0.058497,0.059834,0.056701,0.059688,0.059688,32926799,0.001164,0.001164,0,0,0.000648347,0.000778823,,0.832470376,45.42885861
22/10/2022,0.059678,0.059999,0.058822,0.059733,0.059733,21685643,4.5E-05,4.5E-05,0,0,0.000567901,0.00067498,,0.84135953,45.69230052
23/10/2022,0.059729,0.060795,0.058552,0.060573,0.060573,21723722,0.00084,0.00084,0,0,0.000604181,0.000584983,,1.032818234,50.80721025
24/10/2022,0.06057,0.060614,0.058108,0.05865,0.05865,33409077,-0.001923,0,-0.001923,0.001923,0.000523623,0.000763385,,0.685922972,40.6853091
25/10/2022,0.058657,0.060949,0.058505,0.059817,0.059817,31933207,0.001167,0.001167,0,0,0.000609407,0.0006616,,0.921110318,47.94676855
26/10/2022,0.059812,0.061079,0.059771,0.060552,0.060552,37847171,0.000735,0.000735,0,0,0.000626153,0.000573387,,1.092024594,52.19941472
27/10/2022,0.06055,0.06185,0.05834,0.058736,0.058736,45810187,-0.001816,0,-0.001816,0.001816,0.000542666,0.000739069,,0.734255977,42.33838526
28/10/2022,0.058727,0.060258,0.058422,0.060052,0.060052,39201424,0.001316,0.001316,0,0,0.000645777,0.000640526,,1.008197442,50.20409951
29/10/2022,0.060044,0.061822,0.059943,0.061251,0.061251,51693525,0.001199,0.001199,0,0,0.00071954,0.000555123,,1.29618185,56.44944237
30/10/2022,0.061249,0.062661,0.059995,0.060638,0.060638,45851674,-0.000613,0,-0.000613,0.000613,0.000623601,0.00056284,,1.107955474,52.5606678
31/10/2022,0.06062,0.061376,0.059196,0.059612,0.059612,42169224,-0.001026,0,-0.001026,0.001026,0.000540454,0.000624594,,0.865288677,46.38899531
01/11/2022,0.059602,0.060091,0.058252,0.058294,0.058294,31335127,-0.001318,0,-0.001318,0.001318,0.000468394,0.000717048,,0.653224809,39.51215864
02/11/2022,0.058301,0.059974,0.057478,0.058785,0.058785,55685907,0.000491,0.000491,0,0,0.000471408,0.000621442,,0.758571196,43.13565455
03/11/2022,0.058801,0.061346,0.058674,0.059879,0.059879,56130359,0.001094,0.001094,0,0,0.00055442,0.000538583,,1.02940532,50.7244812
04/11/2022,0.059888,0.063612,0.059304,0.063371,0.063371,73533317,0.003492,0.003492,0,0,0.000946098,0.000466772,,2.02689452,66.96283952
05/11/2022,0.06336,0.063904,0.061731,0.062163,0.062163,57937711,-0.001208,0,-0.001208,0.001208,0.000819951,0.000565602,,1.449695487,59.17859973
06/11/2022,0.062161,0.06265,0.059095,0.059238,0.059238,45972385,-0.002925,0,-0.002925,0.002925,0.000710624,0.000880189,,0.807354562,44.6705134
07/11/2022,0.059208,0.06022,0.058423,0.059186,0.059186,48073649,-5.2E-05,0,-5.2E-05,5.2E-05,0.000615874,0.000769764,,0.800082643,44.44699503
08/11/2022,0.059158,0.059457,0.046602,0.05207,0.05207,118200218,-0.007116,0,-0.007116,0.007116,0.000533758,0.001615928,,0.330310342,24.82957034
09/11/2022,0.052064,0.052263,0.042795,0.044201,0.044201,94322149,-0.007869,0,-0.007869,0.007869,0.00046259,0.002449671,,0.188837643,15.88422472
10/11/2022,0.044231,0.052397,0.043753,0.050202,0.050202,73239952,0.006001,0.006001,0,0,0.001201045,0.002123048,,0.565717092,36.13150133
11/11/2022,0.050194,0.050392,0.046288,0.048209,0.048209,34443523,-0.001993,0,-0.001993,0.001993,0.001040905,0.002105709,,0.494325502,33.08017575
12/11/2022,0.048222,0.048322,0.045881,0.047056,0.047056,20206842,-0.001153,0,-0.001153,0.001153,0.000902118,0.001978681,,0.455918951,31.31485793
13/11/2022,0.047079,0.048862,0.044855,0.04533,0.04533,31350992,-0.001726,0,-0.001726,0.001726,0.000781836,0.00194499,,0.401974126,28.67200748
14/11/2022,0.045319,0.047194,0.043304,0.047194,0.047194,38940264,0.001864,0.001864,0,0,0.000926124,0.001685658,,0.549414073,35.45947352
15/11/2022,0.047185,0.050251,0.046801,0.049078,0.049078,26743555,0.001884,0.001884,0,0,0.001053841,0.001460904,,0.721362442,41.90648202
16/11/2022,0.049069,0.049438,0.046899,0.048113,0.048113,16491371,-0.000965,0,-0.000965,0.000965,0.000913329,0.001394783,,0.654817833,39.57038774
17/11/2022,0.04811,0.050887,0.048091,0.048459,0.048459,35248290,0.000346,0.000346,0,0,0.000837685,0.001208812,,0.692982023,40.93262736
18/11/2022,0.048468,0.049256,0.047877,0.048402,0.048402,15779767,-5.7E-05,0,-5.7E-05,5.7E-05,0.000725994,0.001055237,,0.687991046,40.7579796
19/11/2022,0.04839,0.049233,0.046989,0.048729,0.048729,13042722,0.000327,0.000327,0,0,0.000672795,0.000914539,,0.735665347,42.38520682
20/11/2022,0.048733,0.049804,0.045931,0.046154,0.046154,15940115,-0.002575,0,-0.002575,0.002575,0.000583089,0.001135934,,0.513312191,33.91978166
21/11/2022,0.046127,0.046741,0.044948,0.04509,0.04509,19324231,-0.001064,0,-0.001064,0.001064,0.000505343,0.001126343,,0.448658776,30.97063184
22/11/2022,0.045087,0.046552,0.044489,0.046487,0.046487,20536493,0.001397,0.001397,0,0,0.000624231,0.000976164,,0.639473804,39.00481985
23/11/2022,0.046499,0.048442,0.046499,0.048417,0.048417,15973038,0.00193,0.00193,0,0,0.000798334,0.000846008,,0.943647309,48.55033652
24/11/2022,0.048416,0.049682,0.048127,0.049571,0.049571,15052808,0.001154,0.001154,0,0,0.000845756,0.000733207,,1.15350157,53.56399948
25/11/2022,0.049564,0.049654,0.048094,0.049003,0.049003,11962977,-0.000568,0,-0.000568,0.000568,0.000732988,0.00071118,,1.030665487,50.75506004
26/11/2022,0.048997,0.05053,0.048997,0.049436,0.049436,11814179,0.000433,0.000433,0,0,0.00069299,0.000616356,,1.124334347,52.92643075
27/11/2022,0.049428,0.050903,0.049116,0.049163,0.049163,9776288,-0.000273,0,-0.000273,0.000273,0.000600591,0.000570575,,1.052607096,51.28147019
28/11/2022,0.049163,0.049428,0.04745,0.048506,0.048506,17770507,-0.000657,0,-0.000657,0.000657,0.000520512,0.000582098,,0.894200195,47.20726973
29/11/2022,0.048501,0.049554,0.048129,0.049391,0.049391,11098035,0.000885,0.000885,0,0,0.000569111,0.000504485,,1.128102021,53.00977161
30/11/2022,0.049393,0.050755,0.04929,0.05069,0.05069,12079901,0.001299,0.001299,0,0,0.000666429,0.00043722,,1.524240837,60.38412875
01/12/2022,0.050693,0.050693,0.048849,0.049152,0.049152,13256399,-0.001538,0,-0.001538,0.001538,0.000577572,0.000583991,,0.989008364,49.72369055
02/12/2022,0.049142,0.04947,0.048505,0.048926,0.048926,13279743,-0.000226,0,-0.000226,0.000226,0.000500562,0.000536259,,0.933434243,48.27856166
03/12/2022,0.048948,0.049038,0.047502,0.047552,0.047552,10405704,-0.001374,0,-0.001374,0.001374,0.000433821,0.000647958,,0.669520191,40.10255129
04/12/2022,0.047546,0.048155,0.047396,0.048155,0.048155,13079923,0.000603,0.000603,0,0,0.000456378,0.000561563,,0.812691921,44.83342764
05/12/2022,0.048142,0.049113,0.048035,0.048592,0.048592,13100828,0.000437,0.000437,0,0,0.000453794,0.000486688,,0.932412636,48.25121813
06/12/2022,0.048583,0.048769,0.047778,0.048278,0.048278,10211616,-0.000314,0,-0.000314,0.000314,0.000393288,0.000463663,,0.848220031,45.89388801
07/12/2022,0.04827,0.048279,0.046364,0.047067,0.047067,13069457,-0.001211,0,-0.001211,0.001211,0.00034085,0.000563308,,0.605086179,37.6980493
08/12/2022,0.047063,0.048003,0.046929,0.047895,0.047895,11953096,0.000828,0.000828,0,0,0.000405803,0.0004882,,0.831222857,45.39168205
09/12/2022,0.0479,0.048318,0.047738,0.048058,0.048058,10884008,0.000163,0.000163,0,0,0.00037343,0.000423107,,0.882588908,46.88165878
10/12/2022,0.048048,0.048788,0.048033,0.048386,0.048386,11048888,0.000328,0.000328,0,0,0.000367372,0.000366693,,1.001853171,50.04628638
11/12/2022,0.048398,0.048861,0.047878,0.047933,0.047933,9485785,-0.000453,0,-0.000453,0.000453,0.000318389,0.0003782,,0.841853492,45.70686516
12/12/2022,0.047926,0.047926,0.046618,0.047336,0.047336,13837855,-0.000597,0,-0.000597,0.000597,0.000275937,0.000407374,,0.677356984,40.38239866
13/12/2022,0.047324,0.048106,0.046075,0.047758,0.047758,20341378,0.000422,0.000422,0,0,0.000295412,0.000353057,,0.836726844,45.55532288
14/12/2022,0.04775,0.047853,0.046558,0.046679,0.046679,16162008,-0.001079,0,-0.001079,0.001079,0.000256024,0.00044985,,0.56913269,36.2705266
15/12/2022,0.046678,0.046763,0.045121,0.045772,0.045772,15991862,-0.000907,0,-0.000907,0.000907,0.000221888,0.000510803,,0.434389698,30.28393877
16/12/2022,0.045773,0.046009,0.04152,0.042101,0.042101,19264808,-0.003671,0,-0.003671,0.003671,0.000192303,0.000932163,,0.206297202,17.10168951
17/12/2022,0.042102,0.043097,0.041005,0.043043,0.043043,12164028,0.000942,0.000942,0,0,0.000292262,0.000807874,,0.361766954,26.56599596
18/12/2022,0.043039,0.044233,0.042927,0.043894,0.043894,11257601,0.000851,0.000851,0,0,0.000366761,0.000700158,,0.523825698,34.37569657
19/12/2022,0.043889,0.044255,0.040327,0.040858,0.040858,12449487,-0.003036,0,-0.003036,0.003036,0.000317859,0.001011603,,0.314213248,23.908848
20/12/2022,0.04087,0.042852,0.040779,0.042835,0.042835,11737070,0.001977,0.001977,0,0,0.000539078,0.000876723,,0.614878392,38.07583251
21/12/2022,0.042831,0.043332,0.042122,0.042648,0.042648,12401691,-0.000187,0,-0.000187,0.000187,0.000467201,0.00078476,,0.595342519,37.31753599
22/12/2022,0.042654,0.043433,0.042455,0.043412,0.043412,12735590,0.000764,0.000764,0,0,0.000506774,0.000680125,,0.745118873,42.69731331
23/12/2022,0.043421,0.04384,0.043312,0.043528,0.043528,9998436,0.000116,0.000116,0,0,0.000454671,0.000589442,,0.771358387,43.54615039
24/12/2022,0.04353,0.044039,0.04353,0.043834,0.043834,7904994,0.000306,0.000306,0,0,0.000434848,0.00051085,,0.851225344,45.98172485
25/12/2022,0.043837,0.044043,0.043055,0.043514,0.043514,8274541,-0.00032,0,-0.00032,0.00032,0.000376868,0.000485403,,0.77640308,43.70647004
26/12/2022,0.043514,0.043945,0.04342,0.043945,0.043945,8392115,0.000431,0.000431,0,0,0.000384086,0.000420683,,0.913006477,47.72626166
27/12/2022,0.043939,0.044263,0.041979,0.042241,0.042241,14799048,-0.001704,0,-0.001704,0.001704,0.000332874,0.000591792,,0.562485976,35.99942556
28/12/2022,0.04225,0.042375,0.040313,0.040624,0.040624,15728812,-0.001617,0,-0.001617,0.001617,0.000288491,0.000728486,,0.396014727,28.36751784
29/12/2022,0.040626,0.040865,0.038821,0.039484,0.039484,20509794,-0.00114,0,-0.00114,0.00114,0.000250026,0.000783355,,0.319173099,24.19493689
30/12/2022,0.039488,0.039488,0.037463,0.037532,0.037532,24281169,-0.001952,0,-0.001952,0.001952,0.000216689,0.000939174,,0.230722903,18.74694154
31/12/2022,0.03753,0.037561,0.035788,0.036429,0.036429,24862619,-0.001103,0,-0.001103,0.001103,0.000187797,0.000961017,,0.195414856,16.34703257
01/01/2023,0.03643,0.038861,0.036308,0.038084,0.038084,16834358,0.001655,0.001655,0,0,0.000383424,0.000832882,,0.460358426,31.52366008
02/01/2023,0.038086,0.039461,0.037601,0.038861,0.038861,19139671,0.000777,0.000777,0,0,0.000435901,0.000721831,,0.603882354,37.65128737
03/01/2023,0.038868,0.039245,0.037982,0.038125,0.038125,13915874,-0.000736,0,-0.000736,0.000736,0.000377781,0.00072372,,0.521998501,34.29691296
04/01/2023,0.038127,0.03906,0.037896,0.038506,0.038506,22551611,0.000381,0.000381,0,0,0.00037821,0.000627224,,0.602990291,37.61659036
05/01/2023,0.038508,0.038785,0.037857,0.038302,0.038302,18643194,-0.000204,0,-0.000204,0.000204,0.000327782,0.000570794,,0.574256054,36.47793206
06/01/2023,0.038308,0.039133,0.036849,0.03913,0.03913,17578357,0.000828,0.000828,0,0,0.000394478,0.000494688,,0.797426888,44.3649137
07/01/2023,0.039136,0.039876,0.038678,0.039627,0.039627,11836859,0.000497,0.000497,0,0,0.000408147,0.00042873,,0.951991972,48.7702811
08/01/2023,0.039622,0.042167,0.039175,0.041866,0.041866,20315782,0.002239,0.002239,0,0,0.000652261,0.000371566,,1.755438551,63.70813642
09/01/2023,0.041839,0.045795,0.041829,0.044629,0.044629,42702991,0.002763,0.002763,0,0,0.000933693,0.000322024,,2.899453513,74.35538091
10/01/2023,0.044596,0.045284,0.043362,0.044652,0.044652,32293939,2.3E-05,2.3E-05,0,0,0.000812267,0.000279087,,2.910441713,74.42744137
11/01/2023,0.044652,0.045743,0.04341,0.045743,0.045743,25797424,0.001091,0.001091,0,0,0.000849432,0.000241876,,3.511852736,77.83615604
12/01/2023,0.046234,0.04812,0.045512,0.047648,0.047648,39853751,0.001905,0.001905,0,0,0.000990174,0.000209626,,4.723537145,82.52828671
13/01/2023,0.047646,0.050607,0.046512,0.050602,0.050602,30815383,0.002954,0.002954,0,0,0.001252017,0.000181675,,6.891505493,87.32814669
14/01/2023,0.050596,0.053639,0.050129,0.053189,0.053189,68435100,0.002587,0.002587,0,0,0.001430015,0.000157452,,9.082225033,90.08155445
15/01/2023,0.053191,0.053191,0.050262,0.052227,0.052227,38369849,-0.000962,0,-0.000962,0.000962,0.001239346,0.000264725,,4.681635144,82.399433
16/01/2023,0.05223,0.05429,0.051159,0.05369,0.05369,37806504,0.001463,0.001463,0,0,0.001269167,0.000229428,,5.531863919,84.69043427
17/01/2023,0.053703,0.054797,0.052851,0.05428,0.05428,31206895,0.00059,0.00059,0,0,0.001178611,0.000198838,,5.927495901,85.56476952
18/01/2023,0.054285,0.059831,0.054031,0.05414,0.05414,73436861,-0.00014,0,-0.00014,0.00014,0.001021463,0.000190993,,5.348172912,84.24743601
19/01/2023,0.054117,0.062008,0.053415,0.061476,0.061476,74059506,0.007336,0.007336,0,0,0.001863401,0.000165527,,11.25737297,91.84164501
20/01/2023,0.061411,0.079226,0.059406,0.07248,0.07248,172917948,0.011004,0.011004,0,0,0.003082148,0.000143457,,21.48483462,95.5525579
21/01/2023,0.072498,0.074436,0.070389,0.071271,0.071271,101931291,-0.001209,0,-0.001209,0.001209,0.002671195,0.000285529,,9.355238392,90.34305187
22/01/2023,0.071325,0.072982,0.067782,0.069061,0.069061,56299312,-0.00221,0,-0.00221,0.00221,0.002315036,0.000542125,,4.270295192,81.02573075
23/01/2023,0.069052,0.070256,0.067633,0.068445,0.068445,41961174,-0.000616,0,-0.000616,0.000616,0.002006364,0.000551975,,3.634879905,78.42446794
24/01/2023,0.068384,0.070565,0.062355,0.062749,0.062749,47005366,-0.005696,0,-0.005696,0.005696,0.001738849,0.001237845,,1.404738458,58.41543612
25/01/2023,0.062748,0.070363,0.062538,0.067106,0.067106,70473381,0.004357,0.004357,0,0,0.002087936,0.001072799,,1.946250138,66.05855059
26/01/2023,0.067078,0.069981,0.065429,0.067007,0.067007,40200011,-9.9E-05,0,-9.9E-05,9.9E-05,0.001809544,0.000942959,,1.91900559,65.74175796
27/01/2023,0.067006,0.070925,0.065362,0.069444,0.069444,40782786,0.002437,0.002437,0,0,0.001893205,0.000817231,,2.316608171,69.84871445
28/01/2023,0.069456,0.069964,0.066456,0.066834,0.066834,23377027,-0.00261,0,-0.00261,0.00261,0.001640778,0.001056267,,1.55337364,60.83612737
29/01/2023,0.066837,0.070539,0.066609,0.069415,0.069415,29140595,0.002581,0.002581,0,0,0.001766141,0.000915432,,1.929298313,65.86213171
30/01/2023,0.069441,0.069919,0.063058,0.064103,0.064103,37615144,-0.005312,0,-0.005312,0.005312,0.001530655,0.001501641,,1.019321879,50.47842493
31/01/2023,0.064104,0.066562,0.064069,0.064577,0.064577,32604175,0.000474,0.000474,0,0,0.001389768,0.001301422,,1.067884145,51.64139139
01/02/2023,0.064571,0.07027,0.062493,0.069702,0.069702,54761796,0.005125,0.005125,0,0,0.001887799,0.001127899,,1.67373033,62.59907034
02/02/2023,0.069685,0.070751,0.066863,0.066939,0.066939,45448352,-0.002763,0,-0.002763,0.002763,0.001636092,0.001345913,,1.215600807,54.86551563
03/02/2023,0.066934,0.073333,0.066934,0.072396,0.072396,65349800,0.005457,0.005457,0,0,0.002145547,0.001166458,,1.839369781,64.78091699
04/02/2023,0.072379,0.077515,0.070293,0.073287,0.073287,64068372,0.000891,0.000891,0,0,0.001978274,0.00101093,,1.956885355,66.18062995
05/02/2023,0.073305,0.074215,0.068211,0.069956,0.069956,54364494,-0.003331,0,-0.003331,0.003331,0.001714504,0.001320273,,1.298598525,56.49523006
06/02/2023,0.06995,0.071336,0.06725,0.067529,0.067529,33120379,-0.002427,0,-0.002427,0.002427,0.001485903,0.001467836,,1.012308756,50.30583667
07/02/2023,0.06752,0.07821,0.067484,0.074908,0.074908,157068528,0.007379,0.007379,0,0,0.00227165,0.001272125,,1.785713022,64.10254781
08/02/2023,0.074889,0.079078,0.07279,0.075129,0.075129,100400646,0.000221,0.000221,0,0,0.00199823,0.001102508,,1.812439961,64.44368542
09/02/2023,0.075146,0.076,0.068281,0.071463,0.071463,78412699,-0.003666,0,-0.003666,0.003666,0.001731799,0.001444307,,1.19905191,54.52585746
10/02/2023,0.071511,0.077911,0.071511,0.076009,0.076009,141705294,0.004546,0.004546,0,0,0.002107026,0.001251733,,1.683287338,62.73228044
11/02/2023,0.076006,0.090226,0.076003,0.088147,0.088147,232226029,0.012138,0.012138,0,0,0.003444489,0.001084835,,3.175127067,76.04863316
12/02/2023,0.088173,0.098387,0.08622,0.086418,0.086418,223056932,-0.001729,0,-0.001729,0.001729,0.002985224,0.001170724,,2.549896169,71.830162
13/02/2023,0.086524,0.088626,0.07922,0.085884,0.085884,156229161,-0.000534,0,-0.000534,0.000534,0.002587194,0.001085827,,2.382694052,70.43776396
14/02/2023,0.085869,0.090705,0.084529,0.087628,0.087628,138115662,0.001744,0.001744,0,0,0.002474768,0.00094105,,2.629793859,72.45022613
15/02/2023,0.087619,0.092424,0.084345,0.091564,0.091564,87306729,0.003936,0.003936,0,0,0.002669599,0.000815577,,3.273264776,76.59868853
16/02/2023,0.091556,0.092519,0.083564,0.083816,0.083816,102044945,-0.007748,0,-0.007748,0.007748,0.002313653,0.0017399,,1.32976181,57.07715717
17/02/2023,0.083857,0.087732,0.083803,0.085444,0.085444,60077375,0.001628,0.001628,0,0,0.002222232,0.001507913,,1.473713499,59.57494672
18/02/2023,0.085439,0.086837,0.08461,0.086715,0.086715,37601023,0.001271,0.001271,0,0,0.002095401,0.001306858,,1.60338837,61.58852011
19/02/2023,0.086697,0.091798,0.086577,0.087426,0.087426,73470334,0.000711,0.000711,0,0,0.001910814,0.00113261,,1.687088817,62.78500384
20/02/2023,0.087482,0.08914,0.084971,0.086607,0.086607,57300589,-0.000819,0,-0.000819,0.000819,0.001656039,0.001090796,,1.518193672,60.2889956
21/02/2023,0.086607,0.08685,0.08047,0.082593,0.082593,58888984,-0.004014,0,-0.004014,0.004014,0.001435234,0.001480556,,0.969388292,49.22281176
22/02/2023,0.082579,0.082625,0.07851,0.082369,0.082369,55896069,-0.000224,0,-0.000224,0.000224,0.001243869,0.001313015,,0.947337982,48.64784597
23/02/2023,0.082373,0.083164,0.079638,0.080724,0.080724,35057550,-0.001645,0,-0.001645,0.001645,0.00107802,0.00135728,,0.794250344,44.26641725
24/02/2023,0.080719,0.082021,0.075663,0.077114,0.077114,52408520,-0.00361,0,-0.00361,0.00361,0.000934284,0.001657643,,0.563622137,36.04592975
25/02/2023,0.077127,0.07785,0.072457,0.074943,0.074943,33774352,-0.002171,0,-0.002171,0.002171,0.000809713,0.00172609,,0.469102275,31.93121971
26/02/2023,0.074935,0.076122,0.073702,0.074845,0.074845,29144075,-9.8E-05,0,-9.8E-05,9.8E-05,0.000701751,0.001509012,,0.465040277,31.74249092
27/02/2023,0.07485,0.07485,0.070642,0.072307,0.072307,45680222,-0.002538,0,-0.002538,0.002538,0.000608184,0.00164621,,0.369445169,26.97772629
28/02/2023,0.072301,0.072337,0.068382,0.069165,0.069165,41758854,-0.003142,0,-0.003142,0.003142,0.000527093,0.001845649,,0.285586907,22.21451584
01/03/2023,0.06916,0.072861,0.068908,0.070623,0.070623,51616597,0.001458,0.001458,0,0,0.000651214,0.001599562,,0.407120158,28.93286377
02/03/2023,0.070644,0.070752,0.06628,0.069002,0.069002,37470500,-0.001621,0,-0.001621,0.001621,0.000564385,0.001602421,,0.352208086,26.04688506
03/03/2023,0.068988,0.068988,0.062372,0.063969,0.063969,44715866,-0.005033,0,-0.005033,0.005033,0.000489134,0.002059831,,0.237463195,19.18951575
04/03/2023,0.063971,0.065945,0.062283,0.064548,0.064548,33247923,0.000579,0.000579,0,0,0.000501116,0.001785187,,0.280707963,21.91818676
05/03/2023,0.064543,0.065938,0.06391,0.064034,0.064034,23231740,-0.000514,0,-0.000514,0.000514,0.000434301,0.001615695,,0.268801107,21.1854408
06/03/2023,0.064033,0.064788,0.063002,0.063957,0.063957,26490693,-7.7E-05,0,-7.7E-05,7.7E-05,0.000376394,0.001410536,,0.266844623,21.0637215
07/03/2023,0.063947,0.064628,0.061715,0.062731,0.062731,25649455,-0.001226,0,-0.001226,0.001226,0.000326208,0.001385931,,0.235371055,19.05266067
08/03/2023,0.06272,0.062968,0.059118,0.060754,0.060754,30848943,-0.001977,0,-0.001977,0.001977,0.000282714,0.00146474,,0.193012826,16.17860442
09/03/2023,0.060735,0.06138,0.054812,0.057501,0.057501,49774196,-0.003253,0,-0.003253,0.003253,0.000245019,0.001703175,,0.143859864,12.57670354
10/03/2023,0.057486,0.059671,0.054584,0.059098,0.059098,49942701,0.001597,0.001597,0,0,0.000425283,0.001476085,,0.288115331,22.36719991
11/03/2023,0.059096,0.061441,0.056319,0.058531,0.058531,40677836,-0.000567,0,-0.000567,0.000567,0.000368578,0.001354874,,0.272038911,21.38605261
12/03/2023,0.058546,0.062171,0.056545,0.062087,0.062087,32406483,0.003556,0.003556,0,0,0.000793568,0.001174224,,0.675823361,40.32783982
13/03/2023,0.062113,0.065282,0.05907,0.064526,0.064526,53717815,0.002439,0.002439,0,0,0.001012959,0.001017661,,0.995379779,49.88422702
14/03/2023,0.064548,0.068472,0.063438,0.06598,0.06598,67445745,0.001454,0.001454,0,0,0.001071764,0.000881973,,1.215190088,54.85714723
15/03/2023,0.065997,0.06722,0.059118,0.06012,0.06012,53866772,-0.00586,0,-0.00586,0.00586,0.000928862,0.00154571,,0.600929467,37.53628623
16/03/2023,0.060158,0.062471,0.059329,0.06109,0.06109,40320874,0.00097,0.00097,0,0,0.000934347,0.001339615,,0.697474622,41.08895725
17/03/2023,0.061086,0.065425,0.060304,0.065405,0.065405,47706976,0.004315,0.004315,0,0,0.001385101,0.001161,,1.193024591,54.40087611
18/03/2023,0.065408,0.06637,0.062373,0.062423,0.062423,47901647,-0.002982,0,-0.002982,0.002982,0.001200421,0.0014038,,0.855122693,46.09520956
19/03/2023,0.062433,0.066509,0.06234,0.064879,0.064879,41002087,0.002456,0.002456,0,0,0.001367832,0.001216626,,1.124282288,52.92527712
20/03/2023,0.064876,0.06511,0.061399,0.061694,0.061694,48795320,-0.003185,0,-0.003185,0.003185,0.001185454,0.001479076,,0.801482685,44.49016867
21/03/2023,0.061689,0.064257,0.059651,0.064253,0.064253,51793518,0.002559,0.002559,0,0,0.001368593,0.001281866,,1.067657143,51.63608225
22/03/2023,0.064254,0.064439,0.059606,0.060459,0.060459,51921845,-0.003794,0,-0.003794,0.003794,0.001186114,0.001616817,,0.733610631,42.31692041
23/03/2023,0.060458,0.063497,0.059983,0.062474,0.062474,33535347,0.002015,0.002015,0,0,0.001296632,0.001401242,,0.92534535,48.061266
24/03/2023,0.062464,0.062481,0.059317,0.060007,0.060007,31506293,-0.002467,0,-0.002467,0.002467,0.001123748,0.001543343,,0.728126077,42.13385162
25/03/2023,0.060015,0.060639,0.059052,0.06028,0.06028,24591886,0.000273,0.000273,0,0,0.001010315,0.001337564,,0.755339735,43.03097114
26/03/2023,0.060274,0.062415,0.059883,0.062038,0.062038,29739050,0.001758,0.001758,0,0,0.001110006,0.001159222,,0.957544339,48.91558878
27/03/2023,0.062035,0.062041,0.057178,0.059269,0.059269,33512435,-0.002769,0,-0.002769,0.002769,0.000962005,0.001373859,,0.700221439,41.18413185
28/03/2023,0.059271,0.060281,0.058064,0.059646,0.059646,31382249,0.000377,0.000377,0,0,0.000884005,0.001190678,,0.742438291,42.60915839
29/03/2023,0.059645,0.068706,0.05946,0.068706,0.068706,71804182,0.00906,0.00906,0,0,0.001974137,0.001031921,,1.913070851,65.67196435
30/03/2023,0.068473,0.068473,0.063045,0.064868,0.064868,81364922,-0.003838,0,-0.003838,0.003838,0.001710919,0.001406065,,1.216814005,54.89021642
31/03/2023,0.064869,0.076054,0.064869,0.07339,0.07339,297308109,0.008522,0.008522,0,0,0.002619063,0.001218589,,2.149258287,68.24649143
01/04/2023,0.073345,0.075796,0.06982,0.073473,0.073473,100786257,8.3E-05,8.3E-05,0,0,0.002280921,0.001056111,,2.159736986,68.35179622
02/04/2023,0.070538,0.077584,0.070538,0.072871,0.072871,143333727,-0.000602,0,-0.000602,0.000602,0.001976799,0.000995563,,1.985609434,66.5060008
03/04/2023,0.072878,0.072997,0.06682,0.068086,0.068086,75202264,-0.004785,0,-0.004785,0.004785,0.001713225,0.001500821,,1.141525536,53.30431587
04/04/2023,0.068086,0.06846,0.066412,0.067452,0.067452,58668031,-0.000634,0,-0.000634,0.000634,0.001484795,0.001385245,,1.071864957,51.734306
05/04/2023,0.067452,0.068354,0.065604,0.066982,0.066982,66354495,-0.00047,0,-0.00047,0.00047,0.001286823,0.001263212,,1.018690831,50.46294437
06/04/2023,0.066977,0.066986,0.064841,0.065549,0.065549,39630684,-0.001433,0,-0.001433,0.001433,0.001115246,0.001285851,,0.867321873,46.44736859
07/04/2023,0.065541,0.065931,0.064663,0.064993,0.064993,32108689,-0.000556,0,-0.000556,0.000556,0.000966547,0.001188537,,0.813223892,44.84961263
08/04/2023,0.064992,0.065633,0.064614,0.064801,0.064801,22522420,-0.000192,0,-0.000192,0.000192,0.000837674,0.001055666,,0.793503127,44.2431973
09/04/2023,0.064797,0.065068,0.063445,0.064718,0.064718,24650015,-8.3E-05,0,-8.3E-05,8.3E-05,0.000725984,0.000925977,,0.784019699,43.94680727
10/04/2023,0.064691,0.066487,0.064324,0.066224,0.066224,44090677,0.001506,0.001506,0,0,0.000829986,0.000802513,,1.034233643,50.84143832
11/04/2023,0.066224,0.066495,0.065201,0.065393,0.065393,39277527,-0.000831,0,-0.000831,0.000831,0.000719321,0.000806311,,0.892113516,47.14904832
12/04/2023,0.06539,0.065519,0.062971,0.06435,0.06435,43236399,-0.001043,0,-0.001043,0.001043,0.000623412,0.00083787,,0.744043693,42.66198697
13/04/2023,0.064171,0.066896,0.063526,0.066716,0.066716,36720022,0.002366,0.002366,0,0,0.000855757,0.000726154,,1.178478662,54.09640603
14/04/2023,0.066725,0.068323,0.065098,0.06748,0.06748,58943514,0.000764,0.000764,0,0,0.000843523,0.000629333,,1.340343047,57.27122136
15/04/2023,0.067477,0.069667,0.067133,0.068239,0.068239,59198181,0.000759,0.000759,0,0,0.000832253,0.000545422,,1.525887351,60.40995257
16/04/2023,0.068235,0.069695,0.067218,0.069209,0.069209,37600260,0.00097,0.00097,0,0,0.000850619,0.000472699,,1.799493271,64.27924973
17/04/2023,0.06921,0.069224,0.065948,0.066458,0.066458,39167483,-0.002751,0,-0.002751,0.002751,0.000737203,0.000776473,,0.949425919,48.70284681
18/04/2023,0.066464,0.068729,0.065768,0.068037,0.068037,41119566,0.001579,0.001579,0,0,0.000849443,0.000672943,,1.262280527,55.79681706
19/04/2023,0.068028,0.068258,0.061823,0.062416,0.062416,52823841,-0.005621,0,-0.005621,0.005621,0.000736184,0.001332684,,0.552406921,35.58389964
20/04/2023,0.062401,0.064082,0.061249,0.061848,0.061848,38435811,-0.000568,0,-0.000568,0.000568,0.000638026,0.001230726,,0.518414291,34.1418211
21/04/2023,0.061846,0.062318,0.058925,0.059669,0.059669,41508413,-0.002179,0,-0.002179,0.002179,0.000552956,0.001357163,,0.407435231,28.94877308
22/04/2023,0.059669,0.061283,0.05936,0.061166,0.061166,20622104,0.001497,0.001497,0,0,0.000678828,0.001176208,,0.577133164,36.5938132
23/04/2023,0.061156,0.061273,0.059522,0.060308,0.060308,22381239,-0.000858,0,-0.000858,0.000858,0.000588318,0.00113378,,0.518899611,34.16286415
24/04/2023,0.060305,0.060894,0.058741,0.059912,0.059912,26387817,-0.000396,0,-0.000396,0.000396,0.000509876,0.001035409,,0.492438674,32.99557177
25/04/2023,0.059913,0.061198,0.058631,0.060942,0.060942,29684627,0.00103,0.00103,0,0,0.000579225,0.000897355,,0.645481091,39.22749977
26/04/2023,0.060945,0.063223,0.058647,0.060363,0.060363,41915845,-0.000579,0,-0.000579,0.000579,0.000501995,0.000854907,,0.587192744,36.9956797
27/04/2023,0.06038,0.061845,0.060004,0.061249,0.061249,27918464,0.000886,0.000886,0,0,0.000553196,0.00074092,,0.746634212,42.74702778
28/04/2023,0.06124,0.061245,0.060205,0.060681,0.060681,16997128,-0.000568,0,-0.000568,0.000568,0.000479437,0.000717864,,0.667865651,40.04313239
29/04/2023,0.060679,0.06127,0.060485,0.060719,0.060719,14100746,3.8E-05,3.8E-05,0,0,0.000420578,0.000622149,,0.676009471,40.33446605
30/04/2023,0.060717,0.065441,0.060685,0.063786,0.063786,130456621,0.003067,0.003067,0,0,0.000773435,0.000539195,,1.434423364,58.92251057
01/05/2023,0.063745,0.063867,0.05902,0.059405,0.059405,46848588,-0.004381,0,-0.004381,0.004381,0.00067031,0.001051436,,0.637518518,38.9319883
02/05/2023,0.059408,0.059434,0.057657,0.05887,0.05887,26711825,-0.000535,0,-0.000535,0.000535,0.000580935,0.000982578,,0.591235857,37.15576508
03/05/2023,0.058869,0.058871,0.056219,0.058571,0.058571,30624537,-0.000299,0,-0.000299,0.000299,0.000503477,0.000891434,,0.564794643,36.09385074
04/05/2023,0.058581,0.058851,0.05719,0.05746,0.05746,19146431,-0.001111,0,-0.001111,0.001111,0.000436347,0.00092071,,0.473924613,32.15392487
05/05/2023,0.057468,0.058648,0.057343,0.058429,0.058429,18653883,0.000969,0.000969,0,0,0.000507367,0.000797948,,0.635839853,38.86932157
06/05/2023,0.058426,0.058662,0.055894,0.057028,0.057028,16869105,-0.001401,0,-0.001401,0.001401,0.000439718,0.000878355,,0.500615653,33.36068448
07/05/2023,0.057032,0.057437,0.056536,0.056541,0.056541,12548649,-0.000487,0,-0.000487,0.000487,0.000381089,0.000826175,,0.461269678,31.56636213
08/05/2023,0.056542,0.056875,0.052423,0.05455,0.05455,30384952,-0.001991,0,-0.001991,0.001991,0.000330277,0.000981485,,0.336507942,25.17814755
09/05/2023,0.054557,0.054576,0.053205,0.054111,0.054111,16723672,-0.000439,0,-0.000439,0.000439,0.00028624,0.000909153,,0.314842804,23.94528101
10/05/2023,0.054117,0.055224,0.052229,0.054337,0.054337,22840997,0.000226,0.000226,0,0,0.000278208,0.000787933,,0.353086333,26.09488575
11/05/2023,0.054325,0.054335,0.050393,0.051386,0.051386,28214070,-0.002951,0,-0.002951,0.002951,0.000241114,0.001076342,,0.224012373,18.30147943
12/05/2023,0.05139,0.052313,0.050199,0.05231,0.05231,20610818,0.000924,0.000924,0,0,0.000332165,0.00093283,,0.356083655,26.25823664
13/05/2023,0.052309,0.052334,0.051132,0.051395,0.051395,12025238,-0.000915,0,-0.000915,0.000915,0.000287877,0.000930452,,0.309394313,23.62881145
14/05/2023,0.051387,0.05237,0.051179,0.05181,0.05181,12919480,0.000415,0.000415,0,0,0.000304826,0.000806392,,0.378012719,27.43172931
15/05/2023,0.051809,0.053198,0.051228,0.052387,0.052387,16924846,0.000577,0.000577,0,0,0.000341116,0.000698873,,0.488094702,32.7999758
16/05/2023,0.052386,0.052781,0.051705,0.052343,0.052343,14354163,-4.4E-05,0,-4.4E-05,4.4E-05,0.000295634,0.000611557,,0.483412407,32.58786327
17/05/2023,0.052343,0.053631,0.05152,0.05332,0.05332,17822139,0.000977,0.000977,0,0,0.000386483,0.000530016,,0.729191257,42.16949711
18/05/2023,0.05332,0.053329,0.051521,0.05236,0.05236,14919312,-0.00096,0,-0.00096,0.00096,0.000334952,0.000587347,,0.570279267,36.31706021
19/05/2023,0.052357,0.053047,0.052203,0.052802,0.052802,10938458,0.000442,0.000442,0,0,0.000349225,0.000509034,,0.686054098,40.68992205
20/05/2023,0.052805,0.053186,0.052629,0.052999,0.052999,7343455,0.000197,0.000197,0,0,0.000328928,0.000441163,,0.745593713,42.71290092
21/05/2023,0.052995,0.053084,0.051892,0.052262,0.052262,9777838,-0.000737,0,-0.000737,0.000737,0.000285071,0.000480608,,0.59314715,37.2311591
22/05/2023,0.052258,0.052419,0.051615,0.052,0.052,12098776,-0.000262,0,-0.000262,0.000262,0.000247062,0.00045146,,0.547250277,35.36921499
23/05/2023,0.052002,0.053008,0.051996,0.052245,0.052245,13974335,0.000245,0.000245,0,0,0.000246787,0.000391265,,0.630740064,38.67814851
24/05/2023,0.052242,0.052262,0.050106,0.050855,0.050855,17420361,-0.00139,0,-0.00139,0.00139,0.000213882,0.00052443,,0.407836814,28.9690403
25/05/2023,0.050852,0.051125,0.049967,0.050665,0.050665,13016303,-0.00019,0,-0.00019,0.00019,0.000185364,0.000479839,,0.386304887,27.86579568
26/05/2023,0.050648,0.052145,0.050327,0.052134,0.052134,13689250,0.001469,0.001469,0,0,0.000356516,0.000415861,,0.857295844,46.1582815
27/05/2023,0.052133,0.052446,0.051597,0.052063,0.052063,10567994,-7.1E-05,0,-7.1E-05,7.1E-05,0.00030898,0.000369879,,0.835354273,45.51460637
28/05/2023,0.052057,0.053922,0.051853,0.05341,0.05341,17234094,0.001347,0.001347,0,0,0.000447383,0.000320562,,1.395620136,58.257155
29/05/2023,0.053419,0.053742,0.052279,0.052789,0.052789,15097040,-0.000621,0,-0.000621,0.000621,0.000387732,0.00036062,,1.075179805,51.8114046
30/05/2023,0.052799,0.053049,0.052242,0.052814,0.052814,15723481,2.5E-05,2.5E-05,0,0,0.000339368,0.000312538,,1.085845183,52.05780333
31/05/2023,0.052812,0.052981,0.050965,0.051342,0.051342,16786942,-0.001472,0,-0.001472,0.001472,0.000294119,0.000467133,,0.629625343,38.63620221
01/06/2023,0.051333,0.051614,0.050201,0.050286,0.050286,19110768,-0.001056,0,-0.001056,0.001056,0.000254903,0.000545648,,0.467155783,31.84091208
02/06/2023,0.050288,0.050981,0.050063,0.05085,0.05085,19268652,0.000564,0.000564,0,0,0.000296116,0.000472895,,0.626176203,38.50604884
03/06/2023,0.050853,0.050861,0.050193,0.050255,0.050255,14515618,-0.000595,0,-0.000595,0.000595,0.000256634,0.000489176,,0.524624496,34.41007915
04/06/2023,0.050262,0.050875,0.05008,0.050197,0.050197,13830907,-5.8E-05,0,-5.8E-05,5.8E-05,0.000222416,0.000431686,,0.515226233,34.00325455
05/06/2023,0.0502,0.050513,0.046703,0.048884,0.048884,36444902,-0.001313,0,-0.001313,0.001313,0.00019276,0.000549194,,0.350987575,25.98007422
06/06/2023,0.048889,0.049797,0.047558,0.04955,0.04955,25616021,0.000666,0.000666,0,0,0.000255859,0.000475968,,0.537554576,34.96165824
07/06/2023,0.049542,0.04974,0.047928,0.048357,0.048357,22458500,-0.001193,0,-0.001193,0.001193,0.000221744,0.000571573,,0.387955014,27.95155536
08/06/2023,0.048358,0.04871,0.047533,0.048675,0.048675,15795304,0.000318,0.000318,0,0,0.000234579,0.000495363,,0.473548821,32.13662243
09/06/2023,0.04866,0.048978,0.047722,0.048427,0.048427,17200214,-0.000248,0,-0.000248,0.000248,0.000203301,0.000462381,,0.439683516,30.54028965
10/06/2023,0.048428,0.048445,0.041089,0.045496,0.045496,50055914,-0.002931,0,-0.002931,0.002931,0.000176195,0.00079153,,0.22259985,18.20708961
11/06/2023,0.045496,0.04557,0.043511,0.044387,0.044387,23928736,-0.001109,0,-0.001109,0.001109,0.000152702,0.00083386,,0.183126664,15.47819602
12/06/2023,0.044386,0.045354,0.043589,0.045245,0.045245,23787822,0.000858,0.000858,0,0,0.000246742,0.000722678,,0.341426681,25.45250412
13/06/2023,0.045241,0.046828,0.044859,0.046823,0.046823,22555794,0.001578,0.001578,0,0,0.000424243,0.000626321,,0.677356519,40.38238211
14/06/2023,0.046823,0.047669,0.04543,0.045431,0.045431,21816544,-0.001392,0,-0.001392,0.001392,0.000367677,0.000728412,,0.504765442,33.54446003
15/06/2023,0.045437,0.046194,0.042073,0.042946,0.042946,27527715,-0.002485,0,-0.002485,0.002485,0.000318653,0.000962624,,0.33102606,24.86999092
16/06/2023,0.042943,0.044706,0.042096,0.044401,0.044401,23965460,0.001455,0.001455,0,0,0.000470166,0.000834274,,0.563563649,36.04353744
17/06/2023,0.044404,0.046366,0.044146,0.045749,0.045749,16676757,0.001348,0.001348,0,0,0.000587211,0.000723037,,0.812144672,44.81676792
18/06/2023,0.045753,0.046335,0.045007,0.045213,0.045213,14697212,-0.000536,0,-0.000536,0.000536,0.000508916,0.000698099,,0.72900277,42.16319273
19/06/2023,0.045214,0.045517,0.044322,0.04501,0.04501,13690096,-0.000203,0,-0.000203,0.000203,0.000441061,0.000632086,,0.697786001,41.09976171
20/06/2023,0.045011,0.049286,0.044845,0.048998,0.048998,156398051,0.003988,0.003988,0,0,0.000913986,0.000547808,,1.668443023,62.52496339
21/06/2023,0.049,0.051092,0.048967,0.050513,0.050513,41239732,0.001515,0.001515,0,0,0.000994121,0.000474767,,2.093915225,67.67849384
22/06/2023,0.050497,0.052047,0.049789,0.05024,0.05024,34196398,-0.000273,0,-0.000273,0.000273,0.000861572,0.000447864,,1.923733105,65.79715165
23/06/2023,0.050239,0.05343,0.050069,0.05215,0.05215,27524536,0.00191,0.00191,0,0,0.001001362,0.000388149,,2.579838279,72.06577722
24/06/2023,0.052151,0.052951,0.050955,0.051222,0.051222,19765784,-0.000928,0,-0.000928,0.000928,0.000867847,0.000460129,,1.88609412,65.35109534
25/06/2023,0.051222,0.058042,0.051046,0.051741,0.051741,61970797,0.000519,0.000519,0,0,0.000821334,0.000398779,,2.059623952,67.31624488
26/06/2023,0.051752,0.052535,0.049382,0.049657,0.049657,28066616,-0.002084,0,-0.002084,0.002084,0.000711823,0.000623475,,1.141702685,53.30817826
27/06/2023,0.049656,0.051207,0.049577,0.050578,0.050578,18149897,0.000921,0.000921,0,0,0.000739713,0.000540345,,1.368964945,57.78747161
28/06/2023,0.050577,0.050577,0.047617,0.04767,0.04767,21783674,-0.002908,0,-0.002908,0.002908,0.000641085,0.000856032,,0.748902616,42.82128744
29/06/2023,0.047668,0.049756,0.04759,0.048301,0.048301,16383169,0.000631,0.000631,0,0,0.00063974,0.000741895,,0.862305966,46.30313074
30/06/2023,0.048298,0.051373,0.047793,0.050607,0.050607,37113365,0.002306,0.002306,0,0,0.000861908,0.000642975,,1.340499538,57.2740783
01/07/2023,0.050609,0.051794,0.05018,0.05073,0.05073,21885179,0.000123,0.000123,0,0,0.000763387,0.000557245,,1.369930025,57.80466135
02/07/2023,0.050732,0.050756,0.049483,0.05009,0.05009,19148389,-0.00064,0,-0.00064,0.00064,0.000661602,0.000568279,,1.164220074,53.79397816
03/07/2023,0.050084,0.051395,0.049906,0.050207,0.050207,24778251,0.000117,0.000117,0,0,0.000588988,0.000492509,,1.195894643,54.46047453
04/07/2023,0.050207,0.05036,0.048341,0.04854,0.04854,24137510,-0.001667,0,-0.001667,0.001667,0.000510457,0.000649108,,0.786397745,44.02142508
05/07/2023,0.048547,0.049104,0.04701,0.047257,0.047257,24754613,-0.001283,0,-0.001283,0.001283,0.000442396,0.000733627,,0.60302591,37.61797648
06/07/2023,0.047256,0.048905,0.046181,0.046193,0.046193,23583689,-0.001064,0,-0.001064,0.001064,0.00038341,0.000777676,,0.493019633,33.02164434
07/07/2023,0.046195,0.047294,0.04582,0.047158,0.047158,16473618,0.000965,0.000965,0,0,0.000460955,0.000673986,,0.683923658,40.61488504
08/07/2023,0.047154,0.047556,0.046645,0.04714,0.04714,14058943,-1.8E-05,0,-1.8E-05,1.8E-05,0.000399494,0.000586521,,0.681125095,40.51602686
09/07/2023,0.047099,0.047676,0.046828,0.047146,0.047146,12763457,6E-06,6E-06,0,0,0.000347028,0.000508318,,0.682698912,40.5716618
10/07/2023,0.047106,0.048051,0.04613,0.047498,0.047498,19016761,0.000352,0.000352,0,0,0.000347691,0.000440543,,0.789234181,44.11016677
11/07/2023,0.0475,0.048335,0.047054,0.048292,0.048292,16665835,0.000794,0.000794,0,0,0.000407199,0.000381804,,1.06651457,51.60934192
12/07/2023,0.048292,0.049224,0.047956,0.048315,0.048315,19477104,2.3E-05,2.3E-05,0,0,0.000355973,0.000330897,,1.075782322,51.82539184
13/07/2023,0.048308,0.052609,0.047725,0.052389,0.052389,36170045,0.004074,0.004074,0,0,0.00085171,0.000286777,,2.969937218,74.81068478
14/07/2023,0.052382,0.054238,0.049832,0.051137,0.051137,41348317,-0.001252,0,-0.001252,0.001252,0.000738148,0.000415473,,1.776644094,63.98530145
15/07/2023,0.051129,0.053376,0.050564,0.052066,0.052066,27440972,0.000929,0.000929,0,0,0.000763595,0.000360077,,2.120644663,67.9553391
16/07/2023,0.052065,0.052566,0.050836,0.050836,0.050836,24611553,-0.00123,0,-0.00123,0.00123,0.000661783,0.000476067,,1.390104701,58.16082871
17/07/2023,0.050837,0.053005,0.050234,0.051971,0.051971,32314128,0.001135,0.001135,0,0,0.000724878,0.000412591,,1.756892373,63.72727461
18/07/2023,0.051965,0.055007,0.051364,0.052745,0.052745,93633173,0.000774,0.000774,0,0,0.000731428,0.000357579,,2.045499956,67.1646687
19/07/2023,0.052767,0.05789,0.052479,0.056194,0.056194,150888981,0.003449,0.003449,0,0,0.001093771,0.000309902,,3.529411033,77.92207436
20/07/2023,0.056196,0.061215,0.054325,0.057042,0.057042,167498415,0.000848,0.000848,0,0,0.001061001,0.000268582,,3.950388103,79.79956361
21/07/2023,0.057045,0.05715,0.054729,0.0556,0.0556,62096822,-0.001442,0,-0.001442,0.001442,0.000919534,0.000425037,,2.16342046,68.38864726
22/07/2023,0.055597,0.055597,0.053255,0.053599,0.053599,49398732,-0.002001,0,-0.002001,0.002001,0.00079693,0.000635166,,1.254680279,55.6478136
23/07/2023,0.053603,0.054468,0.052832,0.053444,0.053444,46956152,-0.000155,0,-0.000155,0.000155,0.000690673,0.000571144,,1.209280034,54.7363854
24/07/2023,0.053445,0.054671,0.051356,0.051968,0.051968,70971316,-0.001476,0,-0.001476,0.001476,0.000598583,0.000691791,,0.865265337,46.38832447
25/07/2023,0.051968,0.052436,0.051497,0.052301,0.052301,43864284,0.000333,0.000333,0,0,0.000563172,0.000599552,,0.939320594,48.43554991
26/07/2023,0.052304,0.05283,0.051383,0.052404,0.052404,42614991,0.000103,0.000103,0,0,0.000501816,0.000519612,,0.965750572,49.12884604
27/07/2023,0.052402,0.053217,0.051629,0.051844,0.051844,49442468,-0.00056,0,-0.00056,0.00056,0.000434907,0.000524997,,0.82839861,45.307331
28/07/2023,0.051843,0.052668,0.051051,0.052637,0.052637,40772418,0.000793,0.000793,0,0,0.000482653,0.000454997,,1.060780864,51.47470469
29/07/2023,0.052636,0.053857,0.052619,0.053834,0.053834,34486123,0.001197,0.001197,0,0,0.000577899,0.000394331,,1.465516858,59.44055314
30/07/2023,0.053837,0.054255,0.052056,0.052897,0.052897,23107944,-0.000937,0,-0.000937,0.000937,0.000500846,0.000466687,,1.073194133,51.76525033
31/07/2023,0.052897,0.053258,0.051767,0.052286,0.052286,19543436,-0.000611,0,-0.000611,0.000611,0.000434066,0.000485929,,0.89327155,47.18137502
01/08/2023,0.052288,0.052288,0.050784,0.051817,0.051817,26258790,-0.000469,0,-0.000469,0.000469,0.000376191,0.000483672,,0.777781508,43.75011803
02/08/2023,0.051816,0.053529,0.050918,0.052603,0.052603,60392708,0.000786,0.000786,0,0,0.000430832,0.000419182,,1.027792237,50.68528316
03/08/2023,0.052602,0.054387,0.052552,0.053348,0.053348,62808416,0.000745,0.000745,0,0,0.000472721,0.000363291,,1.301218534,56.5447616
04/08/2023,0.053364,0.053883,0.05254,0.053167,0.053167,37935188,-0.000181,0,-0.000181,0.000181,0.000409692,0.000338986,,1.208581145,54.72206208
05/08/2023,0.053167,0.053269,0.05174,0.052537,0.052537,27865096,-0.00063,0,-0.00063,0.00063,0.000355066,0.000377788,,0.939856502,48.44979519
06/08/2023,0.052538,0.059553,0.052444,0.057382,0.057382,120500367,0.004845,0.004845,0,0,0.000953724,0.000327416,,2.91288255,74.4433934
07/08/2023,0.05737,0.05752,0.054828,0.056469,0.056469,54775982,-0.000913,0,-0.000913,0.000913,0.000826561,0.000405494,,2.038405658,67.08800231
08/08/2023,0.056466,0.062363,0.05629,0.06183,0.06183,169723899,0.005361,0.005361,0,0,0.001431153,0.000351428,,4.072393256,80.28544023
09/08/2023,0.061824,0.063527,0.059747,0.059786,0.059786,105765412,-0.002044,0,-0.002044,0.002044,0.001240332,0.000577104,,2.149234597,68.24625257
10/08/2023,0.059783,0.059802,0.057681,0.05769,0.05769,46640970,-0.002096,0,-0.002096,0.002096,0.001074955,0.000779624,,1.378812296,57.96221493
11/08/2023,0.057691,0.057691,0.0562,0.05656,0.05656,31151234,-0.00113,0,-0.00113,0.00113,0.000931627,0.00082634,,1.127413437,52.99456219
12/08/2023,0.056561,0.057495,0.055742,0.056323,0.056323,23472432,-0.000237,0,-0.000237,0.000237,0.00080741,0.000747762,,1.079769565,51.91775009
13/08/2023,0.056326,0.057121,0.055864,0.056945,0.056945,19119649,0.000622,0.000622,0,0,0.000782689,0.00064806,,1.20774122,54.70483628
14/08/2023,0.056944,0.0672,0.056937,0.065521,0.065521,293740551,0.008576,0.008576,0,0,0.001821797,0.000561652,,3.243639515,76.4353217
15/08/2023,0.065517,0.075147,0.064834,0.06747,0.06747,382753828,0.001949,0.001949,0,0,0.001838758,0.000486765,,3.777504026,79.06856814
16/08/2023,0.067484,0.068938,0.061398,0.062715,0.062715,279771183,-0.004755,0,-0.004755,0.004755,0.00159359,0.001055863,,1.509276845,60.14788078
17/08/2023,0.062692,0.063174,0.054235,0.057729,0.057729,144328975,-0.004986,0,-0.004986,0.004986,0.001381111,0.001579881,,0.874186619,46.64352047
18/08/2023,0.057723,0.059471,0.05472,0.059074,0.059074,88712376,0.001345,0.001345,0,0,0.001376296,0.001369231,,1.005160422,50.12867853
