Date,Close,Volume,HBAR_Close,BTC_Chg,HBAR_Chg
04/01/2022,45897.57422,42494677905,0.325898,-0.012065555,0.063288744
05/01/2022,43569.00391,36851084859,0.288261,-0.050734061,-0.115487054
06/01/2022,43160.92969,30208048289,0.294404,-0.009366159,0.021310548
07/01/2022,41557.90234,84196607520,0.272412,-0.037140705,-0.074700072
08/01/2022,41733.94141,28066355845,0.2655,0.004235995,-0.025373332
09/01/2022,41911.60156,21294384372,0.272505,0.00425697,0.026384181
10/01/2022,41821.26172,32104232331,0.26099,-0.002155485,-0.042256105
11/01/2022,42735.85547,26327648900,0.274771,0.021869109,0.052802789
12/01/2022,43949.10156,33499938689,0.295694,0.028389419,0.076147046
13/01/2022,42591.57031,47691135082,0.277637,-0.030888714,-0.061066508
14/01/2022,43099.69922,23577403399,0.281215,0.011930269,0.012887331
15/01/2022,43177.39844,18371348298,0.280237,0.001802779,-0.003477766
16/01/2022,43113.87891,17902097845,0.27933,-0.001471129,-0.003236546
17/01/2022,42250.55078,21690904261,0.270215,-0.020024367,-0.032631654
18/01/2022,42375.63281,22417209227,0.26624,0.002960483,-0.014710508
19/01/2022,41744.32813,23091543258,0.267214,-0.014897823,0.003658353
20/01/2022,40680.41797,20382033940,0.259955,-0.02548634,-0.027165493
21/01/2022,36457.31641,43011992031,0.234354,-0.103811656,-0.09848243
22/01/2022,35030.25,39714385405,0.220937,-0.039143485,-0.057250996
23/01/2022,36276.80469,26017975951,0.222223,0.035585093,0.005820664
24/01/2022,36654.32813,41856658597,0.206753,0.010406744,-0.069614756
25/01/2022,36954.00391,26428189594,0.211686,0.008175727,0.023859388
26/01/2022,36852.12109,31324598034,0.21232,-0.002757017,0.002995002
27/01/2022,37138.23438,25041426629,0.208143,0.007763821,-0.019673135
28/01/2022,37784.33203,22238830523,0.216193,0.017397102,0.038675334
29/01/2022,38138.17969,17194183075,0.221884,0.009364931,0.026323702
30/01/2022,37917.60156,14643548444,0.218398,-0.005783656,-0.015710912
31/01/2022,38483.125,20734730465,0.221887,0.014914536,0.015975421
01/02/2022,38743.27344,20288500328,0.229315,0.006760065,0.033476499
02/02/2022,36952.98438,19155189416,0.22135,-0.046209029,-0.034733881
03/02/2022,37154.60156,18591534769,0.236876,0.005456046,0.070142309
04/02/2022,41500.875,29412210792,0.248163,0.116978066,0.047649403
05/02/2022,41441.16406,19652846215,0.258825,-0.001438787,0.042963697
06/02/2022,42412.43359,16142097334,0.258038,0.023437313,-0.003040665
07/02/2022,43840.28516,28641855926,0.261858,0.033665872,0.014804021
08/02/2022,44118.44531,33079398868,0.254038,0.006344853,-0.029863514
09/02/2022,44338.79688,23245887300,0.256891,0.004994545,0.011230603
10/02/2022,43565.11328,32142048537,0.246996,-0.017449359,-0.038518282
11/02/2022,42407.9375,26954925781,0.233552,-0.026561983,-0.054430031
12/02/2022,42244.46875,18152390304,0.23118,-0.003854673,-0.010156196
13/02/2022,42197.51563,14741589015,0.227536,-0.001111462,-0.015762609
14/02/2022,42586.91797,20827783012,0.241929,0.009228087,0.063255924
15/02/2022,44575.20313,22721659051,0.259049,0.046687698,0.070764563
16/02/2022,43961.85938,19792547657,0.261752,-0.013759752,0.010434319
17/02/2022,40538.01172,26246662813,0.234531,-0.07788223,-0.103995385
18/02/2022,40030.97656,23310007704,0.229626,-0.012507647,-0.02091408
19/02/2022,40122.15625,13736557863,0.232526,0.002277728,0.012629232
20/02/2022,38431.37891,18340576452,0.215727,-0.04214074,-0.072245684
21/02/2022,37075.28125,29280402798,0.200703,-0.035286209,-0.069643577
22/02/2022,38286.02734,25493150450,0.234847,0.032656424,0.170122021
23/02/2022,37296.57031,21849073843,0.218936,-0.025843816,-0.067750493
24/02/2022,38332.60938,46383802093,0.216051,0.0277784,-0.013177367
25/02/2022,39214.21875,26545599159,0.224611,0.02299894,0.039620275
26/02/2022,39105.14844,17467554129,0.223463,-0.002781397,-0.005111059
27/02/2022,37709.78516,23450127612,0.210067,-0.035682342,-0.059947284
28/02/2022,43193.23438,35690014104,0.230058,0.145411839,0.095164876
01/03/2022,44354.63672,32479047645,0.226886,0.026888525,-0.013787827
02/03/2022,43924.11719,29183112630,0.223204,-0.009706303,-0.016228414
03/03/2022,42451.78906,24967782593,0.221291,-0.033519811,-0.008570635
04/03/2022,39137.60547,28516271427,0.205539,-0.07806935,-0.071182289
05/03/2022,39400.58594,16975917450,0.210644,0.006719381,0.024837136
06/03/2022,38419.98438,19745229902,0.202762,-0.024887994,-0.037418583
07/03/2022,38062.03906,28546143503,0.206794,-0.009316644,0.019885383
08/03/2022,38737.26953,25776583476,0.204938,0.01774026,-0.008975115
09/03/2022,41982.92578,32284121034,0.212987,0.083786397,0.039275293
10/03/2022,39437.46094,31078064711,0.216653,-0.060630954,0.017212318
11/03/2022,38794.97266,26364890465,0.206006,-0.01629132,-0.0491431
12/03/2022,38904.01172,14616450657,0.20612,0.002810649,0.000553382
13/03/2022,37849.66406,17300745310,0.199823,-0.027101258,-0.030550165
14/03/2022,39666.75391,24322159070,0.203569,0.048008084,0.018746591
15/03/2022,39338.78516,23934000868,0.200336,-0.008268102,-0.015881593
16/03/2022,41143.92969,39616916192,0.204499,0.045887145,0.020780089
17/03/2022,40951.37891,22009601093,0.20548,-0.004679932,0.004797089
18/03/2022,41801.15625,34421564942,0.20814,0.020750885,0.012945299
19/03/2022,42190.65234,19664853187,0.210322,0.009317831,0.010483329
20/03/2022,41247.82422,20127946682,0.208769,-0.022346849,-0.007383916
21/03/2022,41077.99609,24615543271,0.211513,-0.004117263,0.013143714
22/03/2022,42358.80859,32004652376,0.214442,0.031180014,0.013847849
23/03/2022,42892.95703,25242943069,0.218585,0.012610091,0.019319909
24/03/2022,43960.93359,31042992291,0.220345,0.024898646,0.008051788
25/03/2022,44348.73047,30574413034,0.223265,0.008821398,0.013251946
26/03/2022,44500.82813,16950455995,0.226543,0.003429583,0.014682104
27/03/2022,46820.49219,28160889722,0.242677,0.052126312,0.071218268
28/03/2022,47128.00391,36362175703,0.236134,0.006567887,-0.026961764
29/03/2022,47465.73047,31397059069,0.254919,0.007166155,0.079552288
30/03/2022,47062.66406,29333883962,0.25346,-0.008491735,-0.005723387
31/03/2022,45538.67578,33327427106,0.23564,-0.032382108,-0.070306952
01/04/2022,46281.64453,38162644287,0.246053,0.016315115,0.04419029
02/04/2022,45868.94922,29336594194,0.244917,-0.008917041,-0.004616891
03/04/2022,46453.56641,25414397610,0.248534,0.01274538,0.014768268
04/04/2022,46622.67578,32499785455,0.238464,0.003640396,-0.040517595
05/04/2022,45555.99219,29640604055,0.226944,-0.022879073,-0.048309179
06/04/2022,43206.73828,39393395788,0.210583,-0.051568494,-0.072092675
07/04/2022,43503.84766,26101973106,0.223169,0.006876459,0.059767408
08/04/2022,42287.66406,27215995394,0.208261,-0.027955771,-0.066801393
09/04/2022,42782.13672,16050772496,0.213954,0.011693071,0.027335891
10/04/2022,42207.67188,17654475582,0.209382,-0.01342768,-0.021369079
11/04/2022,39521.90234,33949912166,0.194819,-0.06363226,-0.069552302
12/04/2022,40127.18359,30991500854,0.198641,0.015315084,0.01961821
13/04/2022,41166.73047,27691105228,0.203318,0.0259063,0.023544988
14/04/2022,39935.51563,24342001973,0.19605,-0.029908007,-0.035746958
15/04/2022,40553.46484,21756855753,0.200025,0.015473676,0.02027544
16/04/2022,40424.48438,16833150693,0.198267,-0.003180504,-0.008788901
17/04/2022,39716.95313,19087633042,0.192598,-0.017502542,-0.028592756
18/04/2022,40826.21484,33705182072,0.194795,0.027929175,0.01140718
19/04/2022,41502.75,25303206547,0.199493,0.016571097,0.024117662
20/04/2022,41374.37891,27819532341,0.196228,-0.003093074,-0.016366489
21/04/2022,40527.36328,35372786395,0.190962,-0.020471984,-0.026836129
22/04/2022,39740.32031,28011716745,0.189771,-0.019420039,-0.006236843
23/04/2022,39486.73047,16138021249,0.187487,-0.006381173,-0.012035559
24/04/2022,39469.29297,17964398167,0.185615,-0.000441604,-0.009984692
25/04/2022,40458.30859,35445730570,0.181847,0.02505785,-0.020300084
26/04/2022,38117.46094,34569088416,0.167501,-0.057858268,-0.078890496
27/04/2022,39241.12109,30981015184,0.169362,0.029478883,0.011110381
28/04/2022,39773.82813,33903704907,0.169882,0.013575225,0.003070346
29/04/2022,38609.82422,30882994649,0.159183,-0.029265574,-0.062979009
30/04/2022,37714.875,23895713731,0.141268,-0.023179313,-0.112543425
01/05/2022,38469.09375,27002760110,0.146309,0.019997912,0.035683948
02/05/2022,38529.32813,32922642426,0.139919,0.001565786,-0.043674689
03/05/2022,37750.45313,27326943244,0.139083,-0.02021512,-0.005974885
04/05/2022,39698.37109,36754404490,0.151267,0.051599857,0.087602367
05/05/2022,36575.14063,43106256317,0.13598,-0.078674021,-0.101059716
06/05/2022,36040.92188,37795577489,0.134034,-0.014606061,-0.014310928
07/05/2022,35501.95313,24375896406,0.130431,-0.014954355,-0.026881239
08/05/2022,34059.26563,36763041910,0.127649,-0.040636849,-0.021329285
09/05/2022,30296.95313,63355494961,0.107251,-0.1104637,-0.15979757
10/05/2022,31022.90625,59811038817,0.11507,0.023961258,0.072903749
11/05/2022,28936.35547,70388855818,0.090613,-0.067258392,-0.212540193
12/05/2022,29047.75195,66989173272,0.086879,0.003849707,-0.041208215
13/05/2022,29283.10352,42841124537,0.096372,0.00810223,0.109266911
14/05/2022,30101.26563,28579868620,0.101803,0.027939734,0.056354543
15/05/2022,31305.11328,25835372065,0.107781,0.039993257,0.058721256
16/05/2022,29862.91797,32613897286,0.102384,-0.046069002,-0.050073761
17/05/2022,30425.85742,29101473475,0.108624,0.018850785,0.060947023
18/05/2022,28720.27148,31285268319,0.099739,-0.05605712,-0.08179592
19/05/2022,30314.33398,33773447707,0.104026,0.055503044,0.042982183
20/05/2022,29200.74023,30749382605,0.099936,-0.036734891,-0.039317094
21/05/2022,29432.22656,17274840442,0.101357,0.007927413,0.0142191
22/05/2022,30323.72266,21631532270,0.104482,0.030289794,0.030831615
23/05/2022,29098.91016,31483454557,0.098464,-0.040391231,-0.057598438
24/05/2022,29655.58594,26616506245,0.099339,0.019130468,0.008886497
25/05/2022,29562.36133,27525063551,0.097591,-0.003143577,-0.017596312
26/05/2022,29267.22461,36774325352,0.091042,-0.00998353,-0.067106598
27/05/2022,28627.57422,36582005748,0.087124,-0.021855519,-0.043035083
28/05/2022,28814.90039,35519577634,0.089221,0.006543557,0.024069143
29/05/2022,29445.95703,18093886409,0.090542,0.021900358,0.014805931
30/05/2022,31726.39063,39277993274,0.097543,0.07744471,0.077323231
31/05/2022,31792.31055,33538210634,0.094437,0.002077763,-0.031842367
01/06/2022,29799.08008,41135817341,0.089872,-0.062695364,-0.048339104
02/06/2022,30467.48828,29083562061,0.092377,0.022430498,0.027872975
03/06/2022,29704.39063,26175547452,0.088729,-0.025046294,-0.039490349
04/06/2022,29832.91406,16588370958,0.090321,0.004326749,0.017942274
05/06/2022,29906.66211,17264085441,0.093465,0.002472036,0.034809181
06/06/2022,31370.67188,31947336829,0.096712,0.04895263,0.034740277
07/06/2022,31155.47852,40770974039,0.090962,-0.006859699,-0.059454876
08/06/2022,30214.35547,30242059107,0.0881,-0.030207305,-0.031463688
09/06/2022,30111.99805,21692004719,0.086705,-0.003387708,-0.015834279
10/06/2022,29083.80469,29867476527,0.081161,-0.034145637,-0.063940949
11/06/2022,28360.81055,27246574439,0.077841,-0.024858995,-0.040906347
12/06/2022,26762.64844,34163220274,0.069879,-0.056351073,-0.102285428
13/06/2022,22487.38867,68204556440,0.0656,-0.15974726,-0.061234419
14/06/2022,22206.79297,50913575242,0.067406,-0.012477914,0.027530488
15/06/2022,22572.83984,54912007015,0.071798,0.016483554,0.065157404
16/06/2022,20381.65039,31183975654,0.06511,-0.097071944,-0.093150227
17/06/2022,20471.48242,27132421514,0.068219,0.004407495,0.047749962
18/06/2022,19017.64258,42009436760,0.06228,-0.07101781,-0.087057858
19/06/2022,20553.27148,35329942625,0.066471,0.080747595,0.067292871
20/06/2022,20599.53711,30818458597,0.070846,0.00225101,0.065818176
21/06/2022,20710.59766,28970212744,0.07337,0.00539141,0.03562657
22/06/2022,19987.0293,28574793478,0.070162,-0.034937107,-0.043723593
23/06/2022,21085.87695,26188097173,0.073241,0.054978038,0.043884154
24/06/2022,21231.65625,24957784918,0.073917,0.006913599,0.009229803
25/06/2022,21502.33789,18372538715,0.074306,0.012748965,0.005262659
26/06/2022,21027.29492,18027170497,0.068768,-0.022092619,-0.074529648
27/06/2022,20735.47852,20965695707,0.070072,-0.013877981,0.018962308
28/06/2022,20280.63477,21381535161,0.065893,-0.021935532,-0.059638657
29/06/2022,20104.02344,23552740328,0.064546,-0.008708373,-0.020442232
30/06/2022,19784.72656,26267239923,0.063238,-0.015882238,-0.020264617
01/07/2022,19269.36719,30767551159,0.061546,-0.026048345,-0.026756064
02/07/2022,19242.25586,18100418740,0.063399,-0.001406965,0.030107562
03/07/2022,19297.07617,16390821947,0.062386,0.002848955,-0.01597817
04/07/2022,20231.26172,21594638208,0.063713,0.04841073,0.021270798
05/07/2022,20190.11523,26715546990,0.061707,-0.002033807,-0.03148494
06/07/2022,20548.24609,24598943708,0.062558,0.01773793,0.01379098
07/07/2022,21637.58789,25814972520,0.064854,0.053013858,0.036701941
08/07/2022,21731.11719,49899834488,0.064253,0.004322538,-0.009266969
09/07/2022,21592.20703,29641127858,0.069168,-0.006392223,0.076494483
10/07/2022,20860.44922,28688807249,0.065035,-0.033889903,-0.059753065
11/07/2022,19970.55664,24150249025,0.060793,-0.04265932,-0.065226417
12/07/2022,19323.91406,25810220018,0.059587,-0.032379797,-0.01983781
13/07/2022,20212.07422,33042430345,0.063169,0.045961711,0.060113783
14/07/2022,20569.91992,31158743333,0.064015,0.017704551,0.013392645
15/07/2022,20836.32813,25905575359,0.065234,0.012951349,0.019042412
16/07/2022,21190.31641,24302954056,0.066432,0.016988995,0.018364656
17/07/2022,20779.34375,22927802083,0.064921,-0.019394361,-0.022745063
18/07/2022,22485.68945,39974475562,0.070885,0.082117401,0.091865498
19/07/2022,23389.43359,48765202697,0.073504,0.040191969,0.036947168
20/07/2022,23231.73242,42932549127,0.070539,-0.006742411,-0.040337941
21/07/2022,23164.62891,33631012204,0.07133,-0.002888442,0.011213655
22/07/2022,22714.97852,31421555646,0.069725,-0.019411077,-0.022501051
23/07/2022,22465.47852,24021799169,0.06872,-0.010983942,-0.014413768
24/07/2022,22609.16406,23565495303,0.07227,0.006395837,0.051658906
25/07/2022,21361.70117,35574561406,0.065497,-0.0551751,-0.093718002
26/07/2022,21239.75391,28624673855,0.065688,-0.005708687,0.002916164
27/07/2022,22930.54883,31758955233,0.070447,0.079605203,0.072448545
28/07/2022,23843.88672,40212386158,0.072328,0.039830616,0.026700924
29/07/2022,23804.63281,35887249746,0.071832,-0.001646288,-0.006857648
30/07/2022,23656.20703,28148218301,0.072788,-0.006235164,0.013308832
31/07/2022,23336.89648,23553591896,0.075956,-0.01349796,0.043523658
01/08/2022,23314.19922,25849159141,0.076922,-0.000972591,0.012717889
02/08/2022,22978.11719,28389250717,0.072886,-0.014415337,-0.052468735
03/08/2022,22846.50781,26288169966,0.070851,-0.005727596,-0.027920314
04/08/2022,22630.95703,25120229769,0.072136,-0.009434737,0.018136653
05/08/2022,23289.31445,28881249043,0.075912,0.029091011,0.052345569
06/08/2022,22961.2793,15978259885,0.076886,-0.014085222,0.012830646
07/08/2022,23175.89063,15886817043,0.076927,0.009346662,0.000533257
08/08/2022,23809.48633,28575544847,0.080075,0.02733857,0.040921913
09/08/2022,23164.31836,23555719219,0.074569,-0.027097097,-0.068760537
10/08/2022,23947.64258,32837431722,0.078567,0.033815984,0.053614773
11/08/2022,23957.5293,37127036580,0.080932,0.000412847,0.030101697
12/08/2022,24402.81836,27265804688,0.082877,0.018586602,0.024032521
13/08/2022,24424.06836,22987346289,0.081149,0.000870801,-0.020850176
14/08/2022,24319.33398,22994133555,0.078958,-0.004288163,-0.026999717
15/08/2022,24136.97266,35123501685,0.077842,-0.007498615,-0.014134097
16/08/2022,23883.29102,27753685646,0.076931,-0.010510085,-0.011703194
17/08/2022,23335.99805,30931623076,0.073466,-0.022915308,-0.045040361
18/08/2022,23212.73828,23747613147,0.070693,-0.005281958,-0.037745352
19/08/2022,20877.55273,40509610260,0.065346,-0.100599314,-0.075636909
20/08/2022,21166.06055,27595671000,0.067698,0.013819044,0.035993022
21/08/2022,21534.12109,23102307723,0.069247,0.017389185,0.02288103
22/08/2022,21398.9082,31666498758,0.066411,-0.006279007,-0.040954843
23/08/2022,21528.08789,31878280659,0.067078,0.006036742,0.010043517
24/08/2022,21395.01953,31962253368,0.067501,-0.006181151,0.006306091
25/08/2022,21600.9043,31028679593,0.069618,0.009623023,0.031362498
26/08/2022,20260.01953,42326789564,0.062573,-0.0620754,-0.101195093
27/08/2022,20041.73828,30116729776,0.062931,-0.01077399,0.005721318
28/08/2022,19616.81445,24366810591,0.062524,-0.021201945,-0.006467401
29/08/2022,20297.99414,32637854078,0.065902,0.034724276,0.054027254
30/08/2022,19796.80859,34483360283,0.063442,-0.024691383,-0.037328154
31/08/2022,20049.76367,33225232872,0.063104,0.012777569,-0.005327701
01/09/2022,20127.14063,30182031010,0.063405,0.003859245,0.004769904
02/09/2022,19969.77148,29123998928,0.061858,-0.007818753,-0.024398707
03/09/2022,19832.08789,23613051457,0.06102,-0.0068946,-0.013547156
04/09/2022,19986.71289,25245861652,0.061555,0.007796708,0.008767617
05/09/2022,19812.37109,28813460025,0.062167,-0.008722885,0.009942328
06/09/2022,18837.66797,43403978910,0.058523,-0.049196692,-0.058616308
07/09/2022,19290.32422,35239757134,0.060708,0.024029315,0.037335748
08/09/2022,19329.83398,32194477850,0.06118,0.002048165,0.007774923
09/09/2022,21381.15234,48469528171,0.063741,0.106121882,0.041860085
10/09/2022,21680.53906,36913738894,0.063859,0.014002366,0.001851242
11/09/2022,21769.25586,34493951963,0.064036,0.004092001,0.002771731
12/09/2022,22370.44922,50212088965,0.073497,0.027616624,0.147745018
13/09/2022,20296.70703,51091116622,0.064984,-0.092700069,-0.115827857
14/09/2022,20241.08984,37872380889,0.06418,-0.002740207,-0.012372276
15/09/2022,19701.21094,36389011503,0.061015,-0.026672423,-0.049314428
16/09/2022,19772.58398,30123362273,0.060639,0.003622775,-0.006162419
17/09/2022,20127.57617,24957448100,0.061748,0.017953758,0.01828856
18/09/2022,19419.50586,31254779144,0.057449,-0.035179115,-0.069621688
19/09/2022,19544.12891,40177002624,0.059018,0.006417416,0.02731118
20/09/2022,18890.78906,36791346508,0.057499,-0.033428957,-0.02573791
21/09/2022,18547.40039,46363793975,0.056752,-0.018177572,-0.01299153
22/09/2022,19413.55078,41135767926,0.060075,0.046699288,0.058553003
23/09/2022,19297.63867,38896078052,0.061164,-0.00597068,0.018127341
24/09/2022,18937.01172,26149643168,0.061131,-0.018687621,-0.000539533
25/09/2022,18802.09766,23359966112,0.059052,-0.007124359,-0.034008932
26/09/2022,19222.67188,44148798321,0.060022,0.022368473,0.016426201
27/09/2022,19110.54688,58571439619,0.05836,-0.005832956,-0.027689847
28/09/2022,19426.7207,53071298734,0.058026,0.016544468,-0.005723098
29/09/2022,19573.05078,41037843771,0.057867,0.007532413,-0.002740151
30/09/2022,19431.78906,43975248085,0.05732,-0.007217154,-0.009452711
01/10/2022,19312.0957,18719537670,0.057657,-0.006159668,0.005879274
02/10/2022,19044.10742,20765955327,0.056391,-0.013876706,-0.021957438
03/10/2022,19623.58008,30484729489,0.057875,0.030427924,0.026316256
04/10/2022,20336.84375,35887278685,0.058446,0.036347276,0.009866091
05/10/2022,20160.7168,33223790572,0.057941,-0.008660486,-0.008640454
06/10/2022,19955.44336,34711412966,0.058101,-0.010181852,0.00276143
07/10/2022,19546.84961,29227315390,0.06045,-0.020475303,0.040429597
08/10/2022,19416.56836,16437423167,0.060283,-0.006665077,-0.002762614
09/10/2022,19446.42578,16837262532,0.060089,0.001537729,-0.003218154
10/10/2022,19141.48438,27425022774,0.058397,-0.015681103,-0.028158232
11/10/2022,19051.41797,28711532910,0.060903,-0.004705299,0.042913163
12/10/2022,19157.44531,24950173846,0.065714,0.005565326,0.078994467
13/10/2022,19382.9043,44219840004,0.06496,0.01176874,-0.011473963
14/10/2022,19185.65625,38452356727,0.061635,-0.010176393,-0.051185345
15/10/2022,19067.63477,16192235532,0.060404,-0.006151548,-0.019972418
16/10/2022,19268.09375,17988916650,0.061385,0.010513049,0.016240646
17/10/2022,19550.75781,27472552998,0.062444,0.014670059,0.017251772
18/10/2022,19334.41602,30580012344,0.062199,-0.011065648,-0.003923515
19/10/2022,19139.53516,22425387184,0.059377,-0.01007948,-0.045370504
20/10/2022,19053.74023,24493974420,0.058524,-0.004482602,-0.014365832
21/10/2022,19172.46875,32459287866,0.059688,0.006231245,0.019889276
22/10/2022,19208.18945,16104440957,0.059733,0.001863125,0.00075392
23/10/2022,19567.00781,22128794335,0.060573,0.018680488,0.014062578
24/10/2022,19345.57227,30202235805,0.05865,-0.011316781,-0.031746818
25/10/2022,20095.85742,47761524910,0.059817,0.038783301,0.019897698
26/10/2022,20770.44141,58895950537,0.060552,0.033568311,0.012287477
27/10/2022,20285.83594,49625110402,0.058736,-0.023331496,-0.029990752
28/10/2022,20595.35156,43994715910,0.060052,0.015257721,0.022405339
29/10/2022,20818.47656,40369840645,0.061251,0.010833755,0.019966029
30/10/2022,20635.60352,31486345556,0.060638,-0.00878417,-0.010008
31/10/2022,20495.77344,45668466815,0.059612,-0.006776156,-0.016920083
01/11/2022,20485.27344,39819303159,0.058294,-0.000512301,-0.022109642
02/11/2022,20159.50391,55552169483,0.058785,-0.015902621,0.008422822
03/11/2022,20209.98828,43228750179,0.059879,0.002504247,0.01861019
04/11/2022,21147.23047,64072727950,0.063371,0.046375197,0.058317607
05/11/2022,21282.69141,37846047609,0.062163,0.006405611,-0.019062347
06/11/2022,20926.48633,35082693210,0.059238,-0.016736844,-0.047053714
07/11/2022,20602.81641,53510852236,0.059186,-0.015466998,-0.000877815
08/11/2022,18541.27148,1.19E+11,0.05207,-0.100061316,-0.120231136
09/11/2022,15880.78027,1.03E+11,0.044201,-0.143490225,-0.151123488
10/11/2022,17586.77148,83202283721,0.050202,0.107424899,0.135766159
11/11/2022,17034.29297,55871616488,0.048209,-0.031414436,-0.039699614
12/11/2022,16799.18555,29717699419,0.047056,-0.013802006,-0.023916696
13/11/2022,16353.36523,27209183682,0.04533,-0.02653821,-0.036679701
14/11/2022,16618.19922,49630243054,0.047194,0.016194464,0.041120671
15/11/2022,16884.61328,36599436183,0.049078,0.016031464,0.039920329
16/11/2022,16669.43945,33925512989,0.048113,-0.012743782,-0.019662578
17/11/2022,16687.51758,27868914022,0.048459,0.001084507,0.007191404
18/11/2022,16697.77734,26862218609,0.048402,0.000614817,-0.001176252
19/11/2022,16711.54688,16106223492,0.048729,0.000824633,0.006755919
20/11/2022,16291.83203,21313378652,0.046154,-0.02511526,-0.052843276
21/11/2022,15787.28418,37429485518,0.04509,-0.030969375,-0.023053256
22/11/2022,16189.76953,30726828760,0.046487,0.025494274,0.030982479
23/11/2022,16610.70703,32958875628,0.048417,0.026000216,0.041516983
24/11/2022,16604.46484,26129037414,0.049571,-0.000375793,0.023834604
25/11/2022,16521.8418,18678255976,0.049003,-0.004975954,-0.011458312
26/11/2022,16464.28125,18000008764,0.049436,-0.003483906,0.008836194
27/11/2022,16444.62695,20443898509,0.049163,-0.001193754,-0.005522291
28/11/2022,16217.32227,27743025156,0.048506,-0.013822429,-0.013363708
29/11/2022,16444.98242,23581685468,0.049391,0.014038085,0.018245166
30/11/2022,17168.56641,29523576583,0.05069,0.044000289,0.026300338
01/12/2022,16967.13281,22895392882,0.049152,-0.011732697,-0.03034129
02/12/2022,17088.66016,19539705127,0.048926,0.007162515,-0.004597982
03/12/2022,16908.23633,16217776704,0.047552,-0.010558103,-0.028083228
04/12/2022,17130.48633,16824520830,0.048155,0.013144482,0.012680855
05/12/2022,16974.82617,22209086834,0.048592,-0.009086733,0.009074862
06/12/2022,17089.50391,19889922369,0.048278,0.006755753,-0.006461969
07/12/2022,16848.12695,19675404389,0.047067,-0.014124281,-0.025083889
08/12/2022,17233.47461,20496603770,0.047895,0.02287184,0.017591943
09/12/2022,17133.15234,20328426366,0.048058,-0.00582136,0.003403278
10/12/2022,17128.72461,12706781969,0.048386,-0.000258431,0.006825086
11/12/2022,17104.19336,14122486832,0.047933,-0.00143217,-0.009362212
12/12/2022,17206.4375,19617581341,0.047336,0.005977724,-0.012454885
13/12/2022,17781.31836,26634741631,0.047758,0.033410801,0.008914991
14/12/2022,17815.65039,25534481470,0.046679,0.001930792,-0.022593073
15/12/2022,17364.86523,20964448341,0.045772,-0.025302762,-0.019430579
16/12/2022,16647.48438,24031608960,0.042101,-0.041312204,-0.08020187
17/12/2022,16795.0918,14463581825,0.043043,0.00886665,0.022374765
18/12/2022,16757.97656,10924354698,0.043894,-0.002209886,0.019770927
19/12/2022,16439.67969,17221074814,0.040858,-0.018993753,-0.069166629
20/12/2022,16906.30469,22722096615,0.042835,0.028384069,0.048387097
21/12/2022,16817.53516,14882945045,0.042648,-0.005250676,-0.004365589
22/12/2022,16830.3418,16441573050,0.043412,0.000761505,0.017914087
23/12/2022,16796.95313,15329265213,0.043528,-0.001983838,0.002672072
24/12/2022,16847.75586,9744636213,0.043834,0.003024521,0.007029958
25/12/2022,16841.98633,11656379938,0.043514,-0.000342451,-0.007300269
26/12/2022,16919.80469,11886957804,0.043945,0.004620498,0.009904858
27/12/2022,16717.17383,15748580239,0.042241,-0.011975957,-0.038775742
28/12/2022,16552.57227,17005713920,0.040624,-0.009846255,-0.038280344
29/12/2022,16642.3418,14472237479,0.039484,0.005423298,-0.028062229
30/12/2022,16602.58594,15929162910,0.037532,-0.002388838,-0.049437747
31/12/2022,16547.49609,11239186456,0.036429,-0.003318148,-0.029388255
01/01/2023,16625.08008,9244361700,0.038084,0.004688563,0.045430838
02/01/2023,16688.4707,12097775227,0.038861,0.003812952,0.020402269
03/01/2023,16679.85742,13903079207,0.038125,-0.000516122,-0.018939296
04/01/2023,16863.23828,18421743322,0.038506,0.01099415,0.009993443
05/01/2023,16836.73633,13692758566,0.038302,-0.001571581,-0.005297876
06/01/2023,16951.96875,14413662913,0.03913,0.006844107,0.02161767
07/01/2023,16955.07813,7714767174,0.039627,0.000183423,0.012701252
08/01/2023,17091.14453,9768827914,0.041866,0.008025112,0.05650188
09/01/2023,17196.55469,18624736866,0.044629,0.006167531,0.065996274
10/01/2023,17446.29297,15808338949,0.044652,0.014522577,0.00051536
11/01/2023,17934.89648,18372283782,0.045743,0.028006151,0.024433396
12/01/2023,18869.58789,34971338710,0.047648,0.052115796,0.041645716
13/01/2023,19909.57422,29225029694,0.050602,0.055114417,0.061996306
14/01/2023,20976.29883,38967784639,0.053189,0.053578474,0.051124461
15/01/2023,20880.79883,19298407543,0.052227,-0.004552757,-0.018086446
16/01/2023,21169.63281,26792494050,0.05369,0.013832516,0.028012331
17/01/2023,21161.51953,24999983362,0.05428,-0.000383251,0.010989011
18/01/2023,20688.78125,30005625418,0.05414,-0.022339524,-0.002579219
19/01/2023,21086.79297,21152848261,0.061476,0.019238046,0.135500554
20/01/2023,22676.55273,28799154319,0.07248,0.075391254,0.178996682
21/01/2023,22777.625,32442278429,0.071271,0.004457127,-0.016680464
22/01/2023,22720.41602,24746386230,0.069061,-0.002511631,-0.031008405
23/01/2023,22934.43164,26518700512,0.068445,0.009419529,-0.008919651
24/01/2023,22636.46875,26405069715,0.062749,-0.012991946,-0.083220104
25/01/2023,23117.85938,30685366709,0.067106,0.021266154,0.069435369
26/01/2023,23032.77734,26357839322,0.067007,-0.003680359,-0.001475278
27/01/2023,23078.72852,25383335641,0.069444,0.001995034,0.036369335
28/01/2023,23031.08984,14712928379,0.066834,-0.002064181,-0.037584241
29/01/2023,23774.56641,27423687259,0.069415,0.032281432,0.038618069
30/01/2023,22840.13867,27205595568,0.064103,-0.039303671,-0.076525247
31/01/2023,23139.2832,22837828665,0.064577,0.013097317,0.00739435
01/02/2023,23723.76953,26683255504,0.069702,0.025259483,0.079362621
02/02/2023,23471.87109,32066936882,0.066939,-0.010617977,-0.039640182
03/02/2023,23449.32227,27083066007,0.072396,-0.000960674,0.081521983
04/02/2023,23331.84766,15639298538,0.073287,-0.005009723,0.01230731
05/02/2023,22955.66602,19564262605,0.069956,-0.016123097,-0.045451444
06/02/2023,22760.10938,23825006542,0.067529,-0.008518883,-0.034693236
07/02/2023,23264.29102,27187964471,0.074908,0.022151987,0.109271572
08/02/2023,22939.39844,25371367758,0.075129,-0.01396529,0.002950286
09/02/2023,21819.03906,32572572185,0.071463,-0.048839963,-0.048796071
10/02/2023,21651.18359,27078406594,0.076009,-0.007693073,0.063613338
11/02/2023,21870.875,16356226232,0.088147,0.010146854,0.159691615
12/02/2023,21788.20313,17821046406,0.086418,-0.003779999,-0.019614961
13/02/2023,21808.10156,23918742607,0.085884,0.000913267,-0.006179268
14/02/2023,22220.80469,26792596581,0.087628,0.018924303,0.02030646
15/02/2023,24307.8418,32483312909,0.091564,0.093922661,0.04491715
16/02/2023,23623.47461,39316664596,0.083816,-0.028154173,-0.084618409
17/02/2023,24565.60156,41358451255,0.085444,0.039880965,0.019423499
18/02/2023,24641.27734,19625427158,0.086715,0.003080559,0.01487524
19/02/2023,24327.64258,25555105670,0.087426,-0.012728024,0.008199273
20/02/2023,24829.14844,28987376573,0.086607,0.020614651,-0.009367923
21/02/2023,24436.35352,31252098714,0.082593,-0.015819911,-0.046347293
22/02/2023,24188.84375,30199996781,0.082369,-0.010128752,-0.002712094
23/02/2023,23947.49219,30476264066,0.080724,-0.009977805,-0.019971106
24/02/2023,23198.12695,26811744928,0.077114,-0.031292013,-0.044720281
25/02/2023,23175.375,16100721565,0.074943,-0.000980767,-0.028153124
26/02/2023,23561.21289,16644534842,0.074845,0.016648615,-0.00130766
27/02/2023,23522.87109,22660763494,0.072307,-0.001627327,-0.033910081
28/02/2023,23147.35352,20535363434,0.069165,-0.015963935,-0.043453608
01/03/2023,23646.55078,24662841200,0.070623,0.021566062,0.021080026
02/03/2023,23475.4668,20386398516,0.069002,-0.00723505,-0.022952862
03/03/2023,22362.67969,26062404610,0.063969,-0.047402129,-0.072939915
04/03/2023,22353.34961,11166012913,0.064548,-0.000417217,0.009051259
05/03/2023,22435.51367,13317001733,0.064034,0.003675694,-0.007963066
06/03/2023,22429.75781,17353192895,0.063957,-0.000256551,-0.001202486
07/03/2023,22219.76953,22765452204,0.062731,-0.00936204,-0.019169129
08/03/2023,21718.08008,22536575684,0.060754,-0.022578517,-0.031515519
09/03/2023,20363.02148,30364664171,0.057501,-0.062393112,-0.0535438
10/03/2023,20187.24414,39578257695,0.059098,-0.008632184,0.02777343
11/03/2023,20632.41016,30180288176,0.058531,0.022051847,-0.009594233
12/03/2023,22163.94922,29279035521,0.062087,0.07422977,0.06075413
13/03/2023,24197.5332,49466362688,0.064526,0.091751879,0.039283586
14/03/2023,24746.07422,54622230164,0.06598,0.022669295,0.022533552
15/03/2023,24375.96094,43655701450,0.06012,-0.014956444,-0.088814792
16/03/2023,25052.78906,33866061747,0.06109,0.027766213,0.016134398
17/03/2023,27423.92969,50730261335,0.065405,0.094645775,0.070633492
18/03/2023,26965.87891,35723036817,0.062423,-0.016702595,-0.045592845
19/03/2023,28038.67578,37769448859,0.064879,0.039783494,0.039344472
20/03/2023,27767.23633,44774027664,0.061694,-0.009680894,-0.049091386
21/03/2023,28175.81641,36102192830,0.064253,0.014714467,0.041478912
22/03/2023,27307.4375,33382021890,0.060459,-0.030820009,-0.059047827
23/03/2023,28333.97266,24220433689,0.062474,0.037591779,0.033328371
24/03/2023,27493.28516,25980310960,0.060007,-0.029670654,-0.039488427
25/03/2023,27494.70703,13383005987,0.06028,5.17E-05,0.004549469
26/03/2023,27994.33008,13878363192,0.062038,0.018171608,0.029163902
27/03/2023,27139.88867,18188895178,0.059269,-0.030521945,-0.044633934
28/03/2023,27268.13086,17783600385,0.059646,0.004725229,0.006360829
29/03/2023,28348.44141,20684945906,0.068706,0.039618064,0.151896188
30/03/2023,28033.5625,22435349951,0.064868,-0.01110745,-0.055861206
31/03/2023,28478.48438,19001327598,0.07339,0.015871043,0.131374484
01/04/2023,28411.03516,10876469901,0.073473,-0.002368427,0.001130944
02/04/2023,28199.30859,12284641999,0.072871,-0.007452265,-0.008193486
03/04/2023,27790.2207,19556501327,0.068086,-0.014507018,-0.065663982
04/04/2023,28168.08984,15284538859,0.067452,0.013597198,-0.009311753
05/04/2023,28177.98438,17052315986,0.066982,0.000351267,-0.006967918
06/04/2023,28044.14063,13837809380,0.065549,-0.004749941,-0.021393807
07/04/2023,27925.85938,10861680497,0.064993,-0.004217681,-0.008482204
08/04/2023,27947.79492,9373255556,0.064801,0.000785492,-0.002954164
09/04/2023,28333.05078,12175322951,0.064718,0.013784839,-0.001280844
10/04/2023,29652.98047,19282400094,0.066224,0.046586218,0.023270188
11/04/2023,30235.05859,20121259843,0.065393,0.019629667,-0.012548321
12/04/2023,30139.05273,18651929926,0.06435,-0.003175316,-0.015949719
13/04/2023,30399.06641,17487721001,0.066716,0.008627135,0.036767677
14/04/2023,30485.69922,22659995079,0.06748,0.002849851,0.011451526
15/04/2023,30318.49609,11940685378,0.068239,-0.005484641,0.011247777
16/04/2023,30315.35547,12854816417,0.069209,-0.000103588,0.014214745
17/04/2023,29445.04492,17872186762,0.066458,-0.028708571,-0.039749166
18/04/2023,30397.55273,19480529496,0.068037,0.032348662,0.023759367
19/04/2023,28822.67969,24571565421,0.062416,-0.051809205,-0.082616811
20/04/2023,28245.98828,21340360360,0.061848,-0.020008251,-0.009100231
21/04/2023,27276.91016,20759504330,0.059669,-0.034308523,-0.035231535
22/04/2023,27817.5,13125734602,0.061166,0.019818588,0.025088404
23/04/2023,27591.38477,12785446832,0.060308,-0.008128525,-0.014027401
24/04/2023,27525.33984,17703288330,0.059912,-0.002393679,-0.006566293
25/04/2023,28307.59766,17733373139,0.060942,0.028419551,0.017191881
26/04/2023,28422.70117,31854242019,0.060363,0.00406617,-0.009500837
27/04/2023,29473.78711,27153445027,0.061249,0.036980508,0.014677866
28/04/2023,29340.26172,17544464887,0.060681,-0.00453031,-0.009273621
29/04/2023,29248.48828,10662634333,0.060719,-0.003127901,0.000626226
30/04/2023,29268.80664,14652199272,0.063786,0.000694681,0.050511372
01/05/2023,28091.56836,18655599976,0.059405,-0.040221602,-0.068682783
02/05/2023,28680.53711,16432924527,0.05887,0.020966033,-0.009005976
03/05/2023,29006.30859,19122972518,0.058571,0.011358626,-0.005078988
04/05/2023,28847.71094,15548678514,0.05746,-0.005467695,-0.018968431
05/05/2023,29534.38477,17936566518,0.058429,0.023803408,0.016863905
06/05/2023,28904.62305,15913866714,0.057028,-0.021323001,-0.023977819
07/05/2023,28454.97852,11301355486,0.056541,-0.015556146,-0.008539665
08/05/2023,27694.27344,19122903752,0.05455,-0.026733637,-0.035213385
09/05/2023,27658.77539,14128593256,0.054111,-0.001281783,-0.008047663
10/05/2023,27621.75586,20656025026,0.054337,-0.001338437,0.0041766
11/05/2023,27000.78906,16724343943,0.051386,-0.022481076,-0.054309218
12/05/2023,26804.99023,19313599897,0.05231,-0.007251597,0.017981551
13/05/2023,26784.07813,9999171605,0.051395,-0.000780157,-0.017491875
14/05/2023,26930.63867,10014858959,0.05181,0.005471928,0.008074715
15/05/2023,27192.69336,14413231792,0.052387,0.009730727,0.011136846
16/05/2023,27036.65039,12732238816,0.052343,-0.005738415,-0.000839903
17/05/2023,27398.80273,15140006925,0.05332,0.013394867,0.018665342
18/05/2023,26832.20898,15222938600,0.05236,-0.020679508,-0.018004501
19/05/2023,26890.12891,11258983301,0.052802,0.002158597,0.008441558
20/05/2023,27129.58594,7044911360,0.052999,0.008905016,0.003730919
21/05/2023,26753.82617,8647416921,0.052262,-0.013850553,-0.013905923
22/05/2023,26851.27734,11056770492,0.052,0.003642513,-0.005013203
23/05/2023,27225.72656,13697203143,0.052245,0.013945304,0.004711538
24/05/2023,26334.81836,16299104428,0.050855,-0.032723028,-0.026605417
25/05/2023,26476.20703,13851122697,0.050665,0.005368887,-0.003736112
26/05/2023,26719.29102,12711619225,0.052134,0.009181224,0.028994375
27/05/2023,26868.35352,7892015141,0.052063,0.005578834,-0.001361875
28/05/2023,28085.64648,14545229578,0.05341,0.045305827,0.025872501
29/05/2023,27745.88477,15181308984,0.052789,-0.012097344,-0.011627036
30/05/2023,27702.34961,13251081851,0.052814,-0.001569067,0.000473584
31/05/2023,27219.6582,15656371534,0.051342,-0.017424205,-0.027871398
01/06/2023,26819.97266,14678970415,0.050286,-0.014683709,-0.020567956
02/06/2023,27249.58984,14837415000,0.05085,0.016018554,0.011215845
03/06/2023,27075.12891,8385597470,0.050255,-0.006402333,-0.011701082
04/06/2023,27119.06641,9360912318,0.050197,0.001622799,-0.001154114
05/06/2023,25760.09766,21513292646,0.048884,-0.050111192,-0.026156942
06/06/2023,27238.7832,21929670693,0.04955,0.057402172,0.01362409
07/06/2023,26345.99805,19530045082,0.048357,-0.03277625,-0.02407669
08/06/2023,26508.2168,11904824295,0.048675,0.006157244,0.00657609
09/06/2023,26480.375,11015551640,0.048427,-0.001050308,-0.005095018
10/06/2023,25851.24023,19872933189,0.045496,-0.023758529,-0.060524088
11/06/2023,25940.16797,10732609603,0.044387,0.003439979,-0.024375769
12/06/2023,25902.5,11677889997,0.045245,-0.00145211,0.019329984
13/06/2023,25918.72852,14143474486,0.046823,0.000626523,0.034876782
14/06/2023,25124.67578,14265717766,0.045431,-0.030636253,-0.029728979
15/06/2023,25576.39453,15837384409,0.042946,0.017979088,-0.054698334
16/06/2023,26327.46289,16324646965,0.044401,0.029365686,0.033879756
17/06/2023,26510.67578,11090276850,0.045749,0.006959003,0.030359677
18/06/2023,26336.21289,9565695129,0.045213,-0.006580854,-0.011716103
19/06/2023,26851.0293,12826986222,0.04501,0.019547853,-0.004489859
20/06/2023,28327.48828,22211859147,0.048998,0.054987053,0.088602533
21/06/2023,30027.29688,33346760979,0.050513,0.060005623,0.030919629
22/06/2023,29912.28125,20653160491,0.05024,-0.003830369,-0.005404549
23/06/2023,30695.46875,24115570085,0.05215,0.026182807,0.038017516
24/06/2023,30548.69531,12147822496,0.051222,-0.004781599,-0.017794823
25/06/2023,30480.26172,12703464114,0.051741,-0.002240148,0.010132365
26/06/2023,30271.13086,16493186997,0.049657,-0.00686119,-0.040277536
27/06/2023,30688.16406,16428827944,0.050578,0.013776598,0.018547234
28/06/2023,30086.24609,14571500779,0.04767,-0.01961401,-0.057495354
29/06/2023,30445.35156,13180860821,0.048301,0.011935868,0.013236837
30/06/2023,30477.25195,26387306197,0.050607,0.001047792,0.047742283
01/07/2023,30590.07813,9086606733,0.05073,0.00370198,0.002430494
02/07/2023,30620.76953,10533418042,0.05009,0.001003312,-0.012615809
03/07/2023,31156.43945,15271884873,0.050207,0.017493679,0.002335796
04/07/2023,30777.58203,12810828427,0.04854,-0.012159843,-0.033202541
05/07/2023,30514.16602,12481622280,0.047257,-0.008558698,-0.026431809
06/07/2023,29909.33789,21129219509,0.046193,-0.019821224,-0.022515183
07/07/2023,30342.26563,13384770155,0.047158,0.014474668,0.020890611
08/07/2023,30292.54102,7509378699,0.04714,-0.00163879,-0.000381696
09/07/2023,30171.23438,7903327692,0.047146,-0.004004505,0.00012728
10/07/2023,30414.4707,14828209155,0.047498,0.008061862,0.007466169
11/07/2023,30620.95117,12151839152,0.048292,0.006788889,0.016716493
12/07/2023,30391.64648,14805659717,0.048315,-0.00748849,0.000476269
13/07/2023,31476.04883,23686079548,0.052389,0.035680934,0.084321639
14/07/2023,30334.06836,20917902660,0.051137,-0.036280935,-0.023898147
15/07/2023,30295.80664,8011667756,0.052066,-0.001261345,0.018166885
16/07/2023,30249.13281,8516564470,0.050836,-0.001540604,-0.023623862
17/07/2023,30145.88867,13240156074,0.051971,-0.003413127,0.022326698
18/07/2023,29856.5625,13138897269,0.052745,-0.009597533,0.014892921
19/07/2023,29913.92383,12128602812,0.056194,0.00192123,0.065390084
20/07/2023,29792.01563,14655207121,0.057042,-0.0040753,0.015090579
21/07/2023,29908.74414,10972789818,0.0556,0.003918114,-0.025279619
22/07/2023,29771.80273,7873300598,0.053599,-0.004578641,-0.035989209
23/07/2023,30084.53906,9220145050,0.053444,0.010504447,-0.002891845
24/07/2023,29176.91602,15395817395,0.051968,-0.030169086,-0.027617693
25/07/2023,29227.39063,10266772793,0.052301,0.00172995,0.006407789
26/07/2023,29354.97266,13497554655,0.052404,0.004365153,0.00196937
27/07/2023,29210.68945,10770779217,0.051844,-0.00491512,-0.010686207
28/07/2023,29319.24609,11218474952,0.052637,0.003716333,0.015295888
29/07/2023,29356.91797,6481775959,0.053834,0.001284886,0.022740658
30/07/2023,29275.30859,8678454527,0.052897,-0.002779903,-0.017405357
31/07/2023,29230.11133,11656781982,0.052286,-0.00154387,-0.01155075
01/08/2023,29675.73242,18272392391,0.051817,0.015245275,-0.008969896
02/08/2023,29151.95898,19212655598,0.052603,-0.017649891,0.015168767
03/08/2023,29178.67969,12780357746,0.053348,0.000916601,0.01416269
04/08/2023,29074.0918,12036639988,0.053167,-0.003584394,-0.003392817
05/08/2023,29042.12695,6598366353,0.052537,-0.001099427,-0.011849455
06/08/2023,29041.85547,7269806994,0.057382,-9.35E-06,0.092220721
07/08/2023,29180.57813,13618163710,0.056469,0.004776646,-0.015910913
08/08/2023,29765.49219,17570561357,0.06183,0.020044636,0.094937045
09/08/2023,29561.49414,18379521213,0.059786,-0.006853508,-0.033058386
10/08/2023,29429.5918,11865344789,0.05769,-0.004461965,-0.035058375
11/08/2023,29397.71484,10195168197,0.05656,-0.00108316,-0.01958745
12/08/2023,29415.96484,6194358008,0.056323,0.000620797,-0.00419024
13/08/2023,29282.91406,7329897180,0.056945,-0.004523081,0.011043446
14/08/2023,29408.44336,14013695304,0.065521,0.004286776,0.150601458
15/08/2023,29170.34766,12640195779,0.06747,-0.008096168,0.029746188
16/08/2023,28701.7793,14949271904,0.062715,-0.016063174,-0.070475767
17/08/2023,26664.55078,31120851211,0.057729,-0.070979172,-0.079502511
18/08/2023,26049.55664,24026236529,0.059074,-0.02306411,0.023298515
